Chemical Name,CAS Number,Hazard Classification,Container Type,Amount,Initials,Manufacturer,Received Date
Acetaldehyde,75-07-0,Flammable,Glass,250 g,PJ,Alfa Aesar,2/15/2024
Acetic Acid,64-19-7,Corrosive,Glass,25 g,MR,Sigma-Aldrich,5/18/2023
Acetone,67-64-1,Flammable,Glass,50 g,AM,Alfa Aesar,12/22/2022
Acetone,67-64-1,Flammable,Plastic,25 g,DL,Sigma-Aldrich,11/10/2022
Acrolein,107-02-8,Flammable,Glass,250 g,MJ,Sigma-Aldrich,3/4/2023
Acrylamide,79-06-1,Toxic,Plastic,100 g,KG,Alfa Aesar,1/5/2025
Acrylamide Solution,79-06-1,Toxic,Plastic,1 L,CW,Alfa Aesar,1/23/2024
Adenosine Triphosphate (ATP),56-65-5,Generally Safe,Glass,1 L,KG,Alfa Aesar,7/2/2020
Allyl Chloride,107-05-1,Flammable,Plastic,1 L,EG,Sigma-Aldrich,1/4/2024
Aluminum Sulfate,10043-01-3,Irritant,Plastic,5 g,JW,Sigma-Aldrich,4/6/2024
"Ammonia, Anhydrous",7664-41-7,Toxic,Glass,50 g,KR,Sigma-Aldrich,6/8/2021
Ammonium Hydroxide,1336-21-6,Corrosive,Glass,1 L,RC,Alfa Aesar,8/19/2020
Ammonium Nitrate,6484-52-2,Oxidizer,Glass,250 mL,NB,Sigma-Aldrich,6/30/2022
Ammonium Perchlorate,7790-98-9,Oxidizer,Plastic,100 g,DL,Sigma-Aldrich,9/14/2024
Ammonium Sulfate,7783-20-2,Generally Safe,Glass,5 mL,MR,Sigma-Aldrich,8/20/2021
Arsine,7784-42-1,Toxic,Plastic,100 g,PJ,Sigma-Aldrich,1/26/2021
Barium Chloride,10361-37-2,Toxic,Glass,250 g,RC,Alfa Aesar,2/2/2023
Benzene,71-43-2,Flammable,Plastic,100 mL,CA,Sigma-Aldrich,12/24/2024
Benzene,71-43-2,Flammable,Glass,250 g,DL,Alfa Aesar,8/7/2022
Boric Acid,10043-35-3,Irritant,Glass,250 g,GW,Sigma-Aldrich,3/10/2020
Boron Trichloride,10294-34-5,Corrosive,Glass,1 L,KR,Alfa Aesar,1/4/2023
Boron Trifluoride,2095-58-1,Corrosive,Glass,25 g,KR,Sigma-Aldrich,10/12/2023
Bromine,7726-95-6,Corrosive,Glass,5 mL,LL,Sigma-Aldrich,7/5/2023
Bromine Pentafluoride,7789-30-2,Corrosive,Plastic,250 g,DB,Sigma-Aldrich,5/22/2020
Cadmium Sulfate,10124-36-4,Toxic,Glass,25 mL,TC,Alfa Aesar,9/22/2020
Calcium Carbonate,471-34-1,Generally Safe,Glass,5 mL,SH,Alfa Aesar,7/20/2022
Calcium Chloride,10043-52-4,Irritant,Plastic,1 L,KR,Alfa Aesar,6/11/2021
Calcium Hydroxide,1305-62-0,Corrosive,Plastic,250 g,EG,Sigma-Aldrich,6/11/2022
Calcium Sulfate,7778-18-9,Generally Safe,Glass,25 g,PJ,Sigma-Aldrich,2/14/2020
Carbon Disulfide,75-15-0,Flammable,Plastic,250 mL,SC,Sigma-Aldrich,12/7/2021
Cesium Chloride,7647-17-8,Toxic,Glass,10 mL,RW,Alfa Aesar,4/28/2023
Chlorine,7782-50-5,Toxic,Plastic,25 g,AM,Alfa Aesar,1/1/2025
Chlorine Dioxide,10049-04-4,Oxidizer,Plastic,250 g,AM,Sigma-Aldrich,12/7/2024
Chlorine Trifluoride,7790-91-2,Corrosive,Plastic,50 g,SC,Alfa Aesar,1/28/2023
Chloroform,67-66-3,Toxic,Plastic,100 mL,JM,Sigma-Aldrich,7/21/2023
Chloroform,67-66-3,Toxic,Glass,5 g,LL,Sigma-Aldrich,10/11/2023
Chromium Trioxide,1333-82-0,Corrosive,Glass,50 g,RC,Alfa Aesar,6/19/2024
Cobalt(II) Chloride,7646-79-9,Toxic,Plastic,25 mL,CA,Alfa Aesar,10/24/2024
Copper(I) Oxide,1317-39-1,Harmful,Glass,1 L,MJ,Sigma-Aldrich,6/28/2024
Copper(II) Sulfate,7758-98-7,Harmful,Plastic,25 mL,MR,Sigma-Aldrich,6/4/2021
Cyanogen,460-19-5,Toxic,Glass,250 g,SH,Alfa Aesar,4/23/2023
Cyanogen Chloride,506-77-4,Toxic,Glass,10 mL,GW,Alfa Aesar,11/2/2023
Diborane,19287-45-7,Flammable,Plastic,25 g,PJ,Alfa Aesar,7/16/2023
Dichloromethane (Methylene Chloride),75-09-2,Harmful,Plastic,25 mL,SD,Alfa Aesar,12/8/2022
Dichlorosilane,4109-96-0,Flammable,Glass,100 g,SC,Sigma-Aldrich,1/15/2021
Diethyl Ether,60-29-7,Flammable,Plastic,25 g,JW,Alfa Aesar,2/24/2020
"Dimethylamine, Anhydrous",124-40-3,Flammable,Glass,50 g,RC,Alfa Aesar,8/8/2023
Dithiothreitol (DTT),578-51-7,Toxic,Glass,1 L,NB,Alfa Aesar,11/25/2021
Dithiothreitol (DTT),578-51-7,Harmful,Glass,1 L,PJ,Alfa Aesar,3/12/2021
EcoRI Restriction Enzyme,2595-90-1,Generally Safe,Glass,1 L,AM,Alfa Aesar,11/22/2021
Epidermal Growth Factor (EGF),62253-63-8,Generally Safe,Plastic,100 g,GW,Sigma-Aldrich,12/3/2021
Ethanol,64-17-5,Flammable,Glass,50 g,PJ,Sigma-Aldrich,12/13/2021
Ethanol,64-17-5,Flammable,Glass,25 g,SD,Sigma-Aldrich,9/24/2022
Ethylene Glycol,107-21-1,Harmful,Plastic,100 mL,SH,Sigma-Aldrich,5/7/2021
Ethylene Oxide,75-21-8,Flammable,Plastic,1 L,LL,Alfa Aesar,1/2/2024
Ferric Chloride,7705-08-0,Corrosive,Glass,5 mL,KG,Alfa Aesar,10/23/2021
Fluorine,7782-41-4,Toxic,Glass,5 mL,JS,Sigma-Aldrich,7/19/2021
Formaldehyde,50-00-0,Toxic,Plastic,25 mL,TC,Alfa Aesar,7/23/2020
Glutathione,70-18-8,Generally Safe,Glass,25 mL,KR,Alfa Aesar,4/30/2024
Glutathione (Reduced Form),70-18-8,Generally Safe,Glass,10 mL,EG,Sigma-Aldrich,6/19/2024
Glycerol,56-81-5,Generally Safe,Plastic,50 g,DB,Alfa Aesar,3/2/2020
Hexane,110-54-3,Flammable,Glass,10 mL,SD,Alfa Aesar,2/7/2021
Hydrochloric Acid,7647-01-0,Corrosive,Plastic,1 L,BM,Alfa Aesar,6/3/2024
Hydrogen Bromide,10035-10-6,Corrosive,Glass,100 mL,RW,Alfa Aesar,6/20/2023
Hydrogen Chloride,7647-01-0,Corrosive,Plastic,250 mL,SC,Alfa Aesar,7/26/2021
"Hydrogen Cyanide, Anhydrous",74-90-8,Toxic,Glass,10 mL,DB,Sigma-Aldrich,8/13/2022
Hydrogen Fluoride,7664-39-3,Corrosive,Glass,25 g,DL,Sigma-Aldrich,12/12/2024
Hydrogen Peroxide (>52%),7722-84-1,Oxidizer,Plastic,250 g,JM,Sigma-Aldrich,12/10/2021
Hydrogen Peroxide (30%),7722-84-1,Corrosive,Glass,250 g,RC,Alfa Aesar,9/9/2021
Hydrogen Selenide,2148-90-9,Toxic,Plastic,1 L,DL,Sigma-Aldrich,9/19/2022
Hydrogen Sulfide,2148-87-8,Toxic,Glass,25 mL,GW,Alfa Aesar,8/9/2023
Iron(III) Nitrate,10421-48-4,Oxidizer,Plastic,100 mL,JS,Sigma-Aldrich,10/22/2021
Isopropanol,67-63-0,Flammable,Plastic,5 g,JM,Alfa Aesar,4/29/2021
Isopropanol,67-63-0,Flammable,Plastic,10 mL,JW,Alfa Aesar,12/30/2023
Lead(II) Nitrate,10099-74-8,Toxic,Glass,100 g,LL,Alfa Aesar,7/31/2021
Lithium Chloride,7447-41-8,Toxic,Glass,250 mL,MR,Sigma-Aldrich,1/30/2024
Luminol,521-31-3,Irritant,Plastic,50 g,EG,Sigma-Aldrich,8/28/2020
Magnesium Chloride,7786-30-3,Irritant,Glass,250 g,RW,Sigma-Aldrich,7/6/2023
Magnesium Oxide,1309-48-4,Generally Safe,Glass,10 mL,MJ,Alfa Aesar,7/4/2021
Magnesium Sulfate,7487-88-9,Generally Safe,Plastic,25 g,RC,Sigma-Aldrich,1/11/2024
Manganese(II) Sulfate,7785-87-7,Harmful,Plastic,1 L,LL,Alfa Aesar,12/18/2020
Mercury(II) Chloride,7487-94-7,Toxic,Glass,10 mL,MR,Alfa Aesar,8/15/2020
Methanol,67-56-1,Flammable,Glass,1 L,KG,Sigma-Aldrich,10/16/2020
Methanol,67-56-1,Flammable,Plastic,100 mL,LL,Sigma-Aldrich,9/1/2022
Methyl Bromide,74-83-9,Toxic,Glass,100 g,TC,Sigma-Aldrich,1/8/2021
Methyl Chloride,74-87-3,Flammable,Glass,250 mL,JW,Sigma-Aldrich,6/21/2020
Methyl Isocyanate,624-83-9,Toxic,Glass,25 mL,EG,Sigma-Aldrich,1/30/2022
"Methylamine, Anhydrous",74-89-5,Flammable,Plastic,5 mL,PJ,Alfa Aesar,9/2/2022
Nickel(II) Sulfate,7786-81-4,Carcinogenic,Plastic,10 mL,AM,Sigma-Aldrich,4/16/2024
Nitric Acid,7697-37-2,Corrosive,Glass,25 g,KR,Sigma-Aldrich,5/29/2022
Nitric Oxide,10102-43-9,Toxic,Glass,5 mL,DB,Sigma-Aldrich,6/30/2021
Nitrogen Dioxide,10102-44-0,Toxic,Glass,100 g,KG,Alfa Aesar,1/21/2020
Nitrogen Tetroxide,10544-72-6,Toxic,Plastic,250 mL,DL,Sigma-Aldrich,9/16/2022
Oleum,8014-95-7,Corrosive,Glass,5 mL,NB,Alfa Aesar,12/31/2022
Osmium Tetroxide,20816-12-0,Toxic,Plastic,50 g,RC,Sigma-Aldrich,12/20/2024
Ozone,10028-15-6,Oxidizer,Plastic,5 mL,KR,Sigma-Aldrich,4/25/2020
Phenol,108-95-2,Toxic,Plastic,1 L,KR,Alfa Aesar,3/2/2020
Phenol-Chloroform Solution,Mixture,Toxic,Glass,100 mL,SD,Sigma-Aldrich,5/2/2021
Phosgene,75-44-5,Toxic,Plastic,250 g,LL,Sigma-Aldrich,3/23/2021
Phosphine,7803-51-2,Flammable,Plastic,50 g,CW,Sigma-Aldrich,1/22/2023
Phosphoric Acid,7664-38-2,Corrosive,Plastic,250 g,JS,Alfa Aesar,9/4/2024
Phosphorus Oxychloride,10025-87-3,Corrosive,Glass,100 g,SH,Sigma-Aldrich,11/2/2023
Phosphorus Trichloride,2125-68-3,Corrosive,Glass,250 mL,DL,Alfa Aesar,8/12/2020
Potassium Bromide,2139-62-6,Generally Safe,Plastic,5 g,JM,Alfa Aesar,5/14/2021
Potassium Carbonate,584-08-7,Irritant,Plastic,250 g,KR,Alfa Aesar,12/31/2020
Potassium Chloride,7447-40-7,Generally Safe,Glass,25 mL,RW,Sigma-Aldrich,11/7/2023
Potassium Cyanide,151-50-8,Toxic,Plastic,5 mL,DB,Sigma-Aldrich,2/23/2020
Potassium Dichromate,7778-50-9,Toxic,Glass,100 mL,MR,Alfa Aesar,4/24/2022
Potassium Hydroxide,1310-58-3,Corrosive,Plastic,50 g,RC,Sigma-Aldrich,6/24/2021
Potassium Nitrate,7757-79-1,Oxidizer,Plastic,1 L,JW,Sigma-Aldrich,12/3/2022
Potassium Permanganate,7722-64-7,Oxidizer,Plastic,10 mL,JW,Sigma-Aldrich,12/2/2024
Proteinase K,39450-01-6,Harmful,Glass,250 mL,AM,Sigma-Aldrich,8/25/2022
Ribonuclease A (RNase A),9001-99-4,Harmful,Plastic,5 g,SD,Sigma-Aldrich,4/8/2022
S-Adenosylmethionine (SAM),29908-03-0,Generally Safe,Plastic,50 g,CA,Sigma-Aldrich,10/20/2024
Silver Nitrate,7761-88-8,Corrosive,Glass,5 g,BM,Sigma-Aldrich,7/22/2020
Sodium Acetate,127-09-3,Generally Safe,Glass,1 L,RC,Alfa Aesar,3/21/2023
Sodium Azide,26628-22-8,Toxic,Glass,100 mL,AM,Sigma-Aldrich,9/19/2024
Sodium Bicarbonate,144-55-8,Generally Safe,Glass,50 g,RW,Alfa Aesar,9/27/2021
Sodium Carbonate,497-19-8,Irritant,Glass,10 mL,AM,Alfa Aesar,8/6/2020
Sodium Chloride,7647-14-5,Generally Safe,Glass,1 L,JW,Sigma-Aldrich,11/5/2024
Sodium Hydroxide,1310-73-2,Corrosive,Glass,50 g,DZ,Sigma-Aldrich,5/20/2020
Sodium Hypochlorite,7681-52-9,Corrosive,Plastic,5 mL,LH,Alfa Aesar,10/20/2022
Sodium Nitrite,7632-00-0,Toxic,Glass,25 g,GW,Alfa Aesar,9/14/2020
Sodium Phosphate,7601-54-9,Generally Safe,Plastic,250 g,GW,Sigma-Aldrich,3/6/2023
Sodium Sulfate,7757-82-6,Generally Safe,Glass,5 g,JS,Sigma-Aldrich,3/5/2023
Sodium Thiosulfate,7772-98-7,Generally Safe,Glass,250 mL,MR,Sigma-Aldrich,6/12/2020
Streptavidin-Horseradish Peroxidase,9013-66-5,Generally Safe,Plastic,100 g,DZ,Alfa Aesar,11/28/2021
Strontium Nitrate,10042-76-9,Oxidizer,Glass,1 L,CW,Sigma-Aldrich,12/21/2020
Sulfur Dioxide,2025-88-4,Toxic,Glass,100 mL,BM,Sigma-Aldrich,12/3/2024
Sulfur Trioxide,2025-94-9,Corrosive,Glass,1 L,JM,Alfa Aesar,10/24/2023
Sulfuric Acid,7664-93-9,Corrosive,Plastic,1 L,MR,Sigma-Aldrich,6/17/2024
Superoxide Dismutase (SOD),9054-89-1,Generally Safe,Plastic,5 g,CW,Sigma-Aldrich,3/21/2023
Taq DNA Polymerase,9012-90-2,Generally Safe,Plastic,250 mL,DZ,Sigma-Aldrich,5/7/2020
Tetramethylbenzidine (TMB) Solution,54827-17-7,Irritant,Glass,100 g,MR,Sigma-Aldrich,8/12/2020
Thiourea,62-56-6,Harmful,Glass,5 g,BM,Sigma-Aldrich,9/10/2020
Toluene,108-88-3,Flammable,Glass,100 mL,DZ,Alfa Aesar,11/8/2020
Toluene,108-88-3,Flammable,Plastic,5 mL,MJ,Sigma-Aldrich,5/30/2020
Trichlorosilane,10025-78-2,Flammable,Glass,10 mL,SC,Alfa Aesar,5/29/2022
Tris(2-carboxyethyl)phosphine (TCEP),51805-45-9,Harmful,Glass,25 mL,DZ,Alfa Aesar,12/4/2023
Trypsin Solution,2594-14-1,Harmful,Glass,50 g,SD,Sigma-Aldrich,12/8/2021
Ubiquitin,151-43-7,Generally Safe,Glass,25 g,CW,Sigma-Aldrich,1/18/2020
Vinyl Chloride,75-01-4,Flammable,Plastic,250 mL,KG,Sigma-Aldrich,6/27/2022
Zinc Oxide,1314-13-2,Harmful,Glass,25 g,PJ,Sigma-Aldrich,4/26/2020
β-Galactosidase,2604-85-1,Generally Safe,Plastic,5 g,DZ,Sigma-Aldrich,4/25/2023
silver tetrafluoroborate,14104-20-2,Oxidizer,Glass,25 g,JM,Alfa Aesar,3/15/2018
silver bromide,7785-23-1,Irritant,Plastic,100 g,KR,Sigma-Aldrich,7/22/2019
silver bromate,7783-89-3,Oxidizer,Glass,5 g,KR,Alfa Aesar,11/5/2020
silver chloride,7783-90-6,Irritant,Plastic,250 mL,CA,Sigma-Aldrich,2/28/2017
silver perchlorate,7783-93-9,Oxidizer,Glass,100 mL,RW,Alfa Aesar,8/14/2021
silver cyanide,506-64-9,Toxic,Plastic,1 L,CW,Sigma-Aldrich,5/30/2016
silver fluoride,7775-41-9,Corrosive,Glass,25 g,MR,Alfa Aesar,9/12/2018
silver difluoride,7775-41-9,Corrosive,Plastic,100 g,EG,Sigma-Aldrich,1/19/2022
silver iodide,7783-96-2,Irritant,Glass,5 g,BM,Alfa Aesar,6/25/2015
silver iodate,7783-97-3,Oxidizer,Plastic,250 mL,GW,Sigma-Aldrich,10/10/2019
silver permanganate,7783-98-4,Oxidizer,Glass,100 mL,EG,Alfa Aesar,4/18/2017
silver azide,13863-88-2,Explosive,Plastic,1 L,SH,Sigma-Aldrich,12/2/2020
silver nitrate,7761-88-8,Oxidizer,Glass,25 g,GW,Alfa Aesar,7/8/2016
silver oxide,1301-96-8,Irritant,Plastic,100 g,LL,Sigma-Aldrich,3/23/2018
silver fulminate,5610-59-3,Explosive,Glass,5 g,BM,Alfa Aesar,9/15/2021
silver hexafluorophosphate,26042-63-7,Irritant,Plastic,250 mL,EG,Sigma-Aldrich,5/11/2015
silver thiocyanate,1701-93-5,Toxic,Glass,100 mL,AM,Alfa Aesar,11/27/2019
silver acetylide,7659-31-6,Explosive,Plastic,1 L,TC,Sigma-Aldrich,2/14/2017
silver(I) carbonate,534-16-7,Irritant,Glass,25 g,JS,Alfa Aesar,8/30/2020
silver oxalate,533-51-7,Explosive,Plastic,100 g,SC,Sigma-Aldrich,1/5/2016
silver(II) dichloride,75763-82-5,Corrosive,Glass,5 g,LL,Alfa Aesar,6/17/2018
silver chromate,2149-12-0,Carcinogenic,Plastic,250 mL,SH,Sigma-Aldrich,10/22/2021
silver subfluoride,1302-01-8,Irritant,Glass,100 mL,SC,Alfa Aesar,4/9/2015
silver molybdate,13765-74-7,Irritant,Plastic,1 L,DB,Sigma-Aldrich,12/19/2019
silver(I) oxide,20667-12-3,Irritant,Glass,25 g,RC,Alfa Aesar,7/3/2017
silver sulfide,21548-73-2,Irritant,Plastic,100 g,AM,Sigma-Aldrich,3/11/2020
silver sulfate,10294-26-5,Irritant,Glass,5 g,JW,Alfa Aesar,9/28/2016
silver selenide,1302-09-6,Irritant,Plastic,250 mL,CW,Sigma-Aldrich,5/7/2018
silver selenite,2149-24-5,Irritant,Glass,100 mL,SH,Alfa Aesar,11/13/2020
silver selenate,2149-30-8,Irritant,Plastic,1 L,RW,Sigma-Aldrich,2/25/2016
Silver(I) telluride,12002-99-2,Irritant,Glass,5 g,SC,Alfa Aesar,1/15/2020
Silver dibromide,11078-32-3,Irritant,Plastic,25 g,DL,Sigma-Aldrich,3/22/2018
Silver tribromide,11078-33-4,Irritant,Glass,100 g,JM,Alfa Aesar,7/30/2019
Silver(III) trichloride,12444-96-1,Corrosive,Plastic,100 mL,DL,Sigma-Aldrich,11/5/2021
Silver(III) triiodide,37375-12-5,Irritant,Glass,250 mL,MR,Alfa Aesar,5/18/2017
Silver phosphate,7784-09-0,Irritant,Plastic,1 L,TC,Sigma-Aldrich,9/25/2016
Aluminium boron oxide,12041-48-4,Irritant,Glass,5 g,TC,Alfa Aesar,2/14/2019
Aluminium borate,61279-70-7,Irritant,Plastic,25 g,RW,Sigma-Aldrich,6/11/2020
Aluminium monobromide,22359-97-3,Corrosive,Glass,100 g,NB,Alfa Aesar,10/29/2018
Aluminium tribromide,7727-15-3,Corrosive,Plastic,100 mL,CW,Sigma-Aldrich,4/7/2017
Aluminium monochloride,13595-81-8,Corrosive,Glass,250 mL,CW,Alfa Aesar,8/13/2021
Aluminium chloride fluoride,22395-91-1,Irritant,Plastic,1 L,DB,Sigma-Aldrich,12/20/2015
Aluminium chloride fluoride,22395-91-1,Irritant,Glass,5 g,GW,Alfa Aesar,3/28/2019
Aluminium chloride fluoride,13814-65-8,Irritant,Plastic,25 g,NB,Sigma-Aldrich,7/15/2020
Aluminium chloride oxide,13596-11-7,Corrosive,Glass,100 g,DZ,Alfa Aesar,11/1/2018
Aluminium chloride,16603-84-2,Corrosive,Plastic,100 mL,AM,Sigma-Aldrich,5/10/2017
Aluminium chloride fluoride,13497-96-6,Irritant,Glass,250 mL,JW,Alfa Aesar,9/16/2021
Aluminium trichloride,7446-70-0,Corrosive,Plastic,1 L,EG,Sigma-Aldrich,1/23/2016
Aluminium caesium tetrachloride,17992-03-9,Irritant,Glass,5 g,BM,Alfa Aesar,4/1/2019
Potassium tetrachloroaluminate,13821-13-1,Irritant,Plastic,25 g,JS,Sigma-Aldrich,8/18/2020
Sodium tetrachloroaluminate,7784-16-9,Irritant,Glass,100 g,TC,Alfa Aesar,12/5/2018
Aluminium rubidium tetrachloride,17992-02-8,Irritant,Plastic,100 mL,NB,Sigma-Aldrich,3/13/2017
Potassium hexachloroaluminate,13782-08-6,Irritant,Glass,250 mL,DZ,Alfa Aesar,7/19/2021
Sodium hexachloroaluminate,60172-46-5,Irritant,Plastic,1 L,EG,Sigma-Aldrich,11/26/2015
Aluminium monofluoride,13595-82-9,Irritant,Glass,5 g,MJ,Alfa Aesar,2/2/2019
Aluminium monofluoride monoxide,13596-12-8,Irritant,Plastic,25 g,CW,Sigma-Aldrich,6/29/2020
Aluminium difluoride,13569-23-8,Irritant,Glass,100 g,LL,Alfa Aesar,10/16/2018
Aluminium difluoride oxide,38344-66-0,Irritant,Plastic,100 mL,SH,Sigma-Aldrich,4/24/2017
Aluminium trifluoride,7784-18-1,Irritant,Glass,100 g,KG,Alfa Aesar,3/15/2018
Potassium tetrafluoroaluminate,14484-69-6,Irritant,Plastic,25 g,AM,Sigma-Aldrich,7/22/2019
Lithium tetrafluoroaluminate,15138-76-8,Irritant,Glass,5 g,CW,Alfa Aesar,11/5/2020
Potassium hexafluoroaluminate,13775-52-5,Irritant,Plastic,250 mL,SC,Sigma-Aldrich,2/28/2017
Lithium hexafluoroaluminate,13821-20-0,Irritant,Glass,100 mL,DL,Alfa Aesar,8/14/2021
Cryolite,15096-52-3,Irritant,Plastic,1 L,GW,Sigma-Aldrich,5/30/2016
Aluminium hydroxide,21645-51-2,Irritant,Glass,25 g,SC,Alfa Aesar,9/12/2018
Aluminium monoiodide,29977-41-1,Irritant,Plastic,100 g,SD,Sigma-Aldrich,1/19/2022
Aluminium triiodide,7784-23-8,Irritant,Glass,5 g,JS,Alfa Aesar,6/25/2015
Lithium aluminate,12003-67-7,Irritant,Plastic,250 mL,DZ,Sigma-Aldrich,10/10/2019
Aluminium nitride,24304-00-5,Irritant,Glass,100 mL,TC,Alfa Aesar,4/18/2017
Aluminium nitrate,13473-90-0,Oxidizer,Plastic,1 L,JS,Sigma-Aldrich,12/2/2020
Sodium aluminate,1302-42-7,Corrosive,Glass,25 g,SC,Alfa Aesar,7/8/2016
Aluminium monoxide,14457-64-8,Irritant,Plastic,100 g,LH,Sigma-Aldrich,3/23/2018
Aluminium silicon monoxide,37361-47-0,Irritant,Glass,5 g,LH,Alfa Aesar,9/15/2021
Aluminium(IV) oxide,11092-32-3,Irritant,Plastic,250 mL,KR,Sigma-Aldrich,5/11/2015
Aluminium monophosphide,20859-73-8,Toxic,Glass,100 mL,SC,Alfa Aesar,11/27/2019
Aluminium phosphate,7784-30-7,Irritant,Plastic,1 L,DL,Sigma-Aldrich,2/14/2017
Aluminium monotelluride,23330-86-1,Irritant,Glass,25 g,RC,Alfa Aesar,8/30/2020
Monoaluminium ditelluride,39297-18-2,Irritant,Plastic,100 g,TC,Sigma-Aldrich,1/5/2016
Beryllium aluminium oxide,12004-06-7,Toxic,Glass,5 g,LL,Alfa Aesar,6/17/2018
Dialuminium hexabromide,18898-34-5,Corrosive,Plastic,250 mL,GW,Sigma-Aldrich,10/22/2021
Aluminium carbonate,14455-29-9,Irritant,Glass,100 mL,EG,Alfa Aesar,4/9/2015
Potassium aluminium chloride,74978-20-4,Irritant,Plastic,1 L,MR,Sigma-Aldrich,12/19/2019
Cobalt blue,1333-88-6,Irritant,Glass,25 g,JW,Alfa Aesar,7/3/2017
Aluminium fluoride,17949-86-9,Irritant,Plastic,100 g,RC,Sigma-Aldrich,3/11/2020
Aluminium iodide,18898-35-6,Irritant,Glass,5 g,MJ,Alfa Aesar,9/28/2016
Magnesium aluminium oxide,12068-51-8,Irritant,Plastic,250 mL,JS,Sigma-Aldrich,5/7/2018
Dialuminium monoxide,12004-36-3,Irritant,Glass,100 mL,LL,Alfa Aesar,11/13/2020
Dialuminium dioxide,12252-63-0,Irritant,Plastic,1 L,MR,Sigma-Aldrich,2/25/2016
Aluminium oxide,1344-28-1,Irritant,Glass,25 g,CA,Alfa Aesar,6/3/2019
Aluminium silicate,1302-76-7,Irritant,Glass,100 g,GW,Alfa Aesar,3/15/2018
Aluminium silicate,12141-46-7,Irritant,Plastic,25 g,CA,Sigma-Aldrich,7/22/2019
Andalusite,12183-80-1,Irritant,Glass,5 g,RC,Alfa Aesar,11/5/2020
Aluminium silicate,1332-58-7,Irritant,Plastic,250 mL,SH,Sigma-Aldrich,2/28/2017
Dialuminium monosulfide,12004-45-4,Irritant,Glass,100 mL,CA,Alfa Aesar,8/14/2021
Aluminium sulfide,1302-81-4,Irritant,Plastic,1 L,RC,Sigma-Aldrich,5/30/2016
Aluminium sulfate,14455-29-9,Irritant,Glass,25 g,DB,Alfa Aesar,9/12/2018
Dialuminium selenide,12598-14-0,Irritant,Plastic,100 g,JS,Sigma-Aldrich,1/19/2022
Dialuminium telluride,12598-16-2,Irritant,Glass,5 g,NB,Alfa Aesar,6/25/2015
Chiolite,1302-84-7,Irritant,Plastic,250 mL,CW,Sigma-Aldrich,10/10/2019
Beryllium aluminium oxide,12253-74-6,Toxic,Glass,100 mL,SC,Alfa Aesar,4/18/2017
Mullite,1302-93-8,Irritant,Plastic,1 L,AM,Sigma-Aldrich,12/2/2020
Argon chloride fluoride,53169-15-6,Irritant,Glass,25 g,RC,Alfa Aesar,7/8/2016
Argon chloride hydride,163731-17-7,Irritant,Plastic,100 g,EG,Sigma-Aldrich,3/23/2018
Argon fluoride hydride,163731-16-6,Irritant,Glass,5 g,EG,Alfa Aesar,9/15/2021
Arsenic oxybromide,82868-10-8,Toxic,Plastic,250 mL,JM,Sigma-Aldrich,5/11/2015
Arsenic tribromide,7784-33-0,Toxic,Glass,100 mL,AM,Alfa Aesar,11/27/2019
Arsenic monoxide monochloride,14525-25-8,Toxic,Plastic,1 L,CW,Sigma-Aldrich,2/14/2017
Arsenic trichloride,7784-34-1,Toxic,Glass,25 g,LH,Alfa Aesar,8/30/2020
Arsenic oxychloride,60646-36-8,Toxic,Plastic,100 g,CA,Sigma-Aldrich,1/5/2016
Arsenic tetrachloride fluoride,87198-15-0,Toxic,Glass,5 g,JM,Alfa Aesar,6/17/2018
Arsenic trifluoride,7784-35-2,Toxic,Plastic,250 mL,CA,Sigma-Aldrich,10/22/2021
Arsenic pentafluoride,7784-36-3,Toxic,Glass,100 mL,SC,Alfa Aesar,4/9/2015
Arsine,7784-42-1,Toxic,Plastic,1 L,CA,Sigma-Aldrich,12/19/2019
Arsenic triiodide,7784-45-4,Toxic,Glass,25 g,JM,Alfa Aesar,7/3/2017
Arsenic monoxide,12005-99-1,Toxic,Plastic,100 g,SC,Sigma-Aldrich,3/11/2020
Arsenic dioxide,12255-12-8,Toxic,Glass,5 g,MR,Alfa Aesar,9/28/2016
Arsenic monophosphide,12255-33-3,Toxic,Plastic,250 mL,CW,Sigma-Aldrich,5/7/2018
Arsenic triphosphide,12511-95-4,Toxic,Glass,100 mL,NB,Alfa Aesar,11/13/2020
Thallium arsenide,12006-09-6,Toxic,Plastic,1 L,KR,Sigma-Aldrich,2/25/2016
Arsenic diiodide,13770-56-4,Toxic,Glass,25 g,DB,Alfa Aesar,6/3/2019
Arsenic trioxide,1327-53-3,Toxic,Glass,100 g,TC,Alfa Aesar,3/15/2018
Arsenic diphosphide,12512-03-7,Toxic,Plastic,25 g,SD,Sigma-Aldrich,7/22/2019
Arsenic pentaoxide,1303-28-2,Toxic,Glass,5 g,SD,Alfa Aesar,11/5/2020
Arsenic tetrasulfide,1303-32-8,Toxic,Plastic,250 mL,CA,Sigma-Aldrich,2/28/2017
Arsenic pentasulfide,1303-34-0,Toxic,Glass,100 mL,RW,Alfa Aesar,8/14/2021
Arsenic hemiselenide,1303-35-1,Toxic,Plastic,1 L,RC,Sigma-Aldrich,5/30/2016
Arsenic triselenide,1303-36-2,Toxic,Glass,25 g,SC,Alfa Aesar,9/12/2018
Arsenic pentaselenide,1303-37-3,Toxic,Plastic,100 g,JS,Sigma-Aldrich,1/19/2022
Arsenic tetraoxide,83527-53-1,Toxic,Glass,5 g,PJ,Alfa Aesar,6/25/2015
Arsenic(III) phosphide,12512-11-7,Toxic,Plastic,250 mL,KR,Sigma-Aldrich,10/10/2019
Tetraarsenic trioxide,83527-54-2,Toxic,Glass,100 mL,CW,Alfa Aesar,4/18/2017
Tetraarsenic pentaoxide,83527-55-3,Toxic,Plastic,1 L,LH,Sigma-Aldrich,12/2/2020
Tetraarsenic trisulfide,12512-13-9,Toxic,Glass,25 g,KR,Alfa Aesar,7/8/2016
Tetraarsenic tetrasulfide,12279-90-2,Toxic,Plastic,100 g,LL,Sigma-Aldrich,3/23/2018
Gold monoboride monoxide,12588-90-8,Irritant,Glass,5 g,DB,Alfa Aesar,9/15/2021
Gold bromide,10294-27-6,Irritant,Plastic,250 mL,PJ,Sigma-Aldrich,5/11/2015
Gold tribromide,10294-28-7,Irritant,Glass,100 mL,SC,Alfa Aesar,11/27/2019
Gold cyanide,506-65-0,Toxic,Plastic,1 L,KG,Sigma-Aldrich,2/14/2017
Gold chloride,10294-29-8,Irritant,Glass,25 g,KR,Alfa Aesar,8/30/2020
Gold trichloride,13453-07-1,Irritant,Plastic,100 g,JW,Sigma-Aldrich,1/5/2016
Gold trifluoride,14720-21-9,Irritant,Glass,5 g,AM,Alfa Aesar,6/17/2018
Gold iodide,10294-31-2,Irritant,Plastic,250 mL,KR,Sigma-Aldrich,10/22/2021
Gold(III) iodide,31032-13-0,Irritant,Glass,100 mL,DB,Alfa Aesar,4/9/2015
Gold hydroxide,1303-52-2,Irritant,Plastic,1 L,MR,Sigma-Aldrich,12/19/2019
Gold telluride,37043-71-3,Irritant,Glass,25 g,MR,Alfa Aesar,7/3/2017
Gold trioxide,1303-58-8,Irritant,Plastic,100 g,NB,Sigma-Aldrich,3/11/2020
Gold sulfide,1303-60-2,Irritant,Glass,5 g,KG,Alfa Aesar,9/28/2016
Gold trisulfide,1303-61-3,Irritant,Plastic,250 mL,SD,Sigma-Aldrich,5/7/2018
Gold triselenate,10294-32-3,Irritant,Glass,100 mL,KR,Alfa Aesar,11/13/2020
Gold triselenide,1303-62-4,Irritant,Plastic,1 L,PJ,Sigma-Aldrich,2/25/2016
Boron arsenide,12005-69-5,Toxic,Glass,25 g,AM,Sigma-Aldrich,2/26/2016
Boron tribromide,10294-33-4,Corrosive,Glass,100 g,LL,Alfa Aesar,3/15/2018
Boron trichloride,10294-34-5,Corrosive,Plastic,25 g,LH,Sigma-Aldrich,7/22/2019
Boron trifluoride,2095-58-1,Toxic,Glass,5 g,BM,Alfa Aesar,11/5/2020
Boron iodide,13517-10-7,Corrosive,Plastic,250 mL,DB,Sigma-Aldrich,2/28/2017
Boron nitride,10043-11-5,Irritant,Glass,100 mL,SD,Alfa Aesar,8/14/2021
Boric acid,10043-35-3,Irritant,Plastic,1 L,GW,Sigma-Aldrich,5/30/2016
Boron(III) phosphide,20205-91-8,Irritant,Glass,25 g,JS,Alfa Aesar,9/12/2018
Boron(III) orthophosphate,13308-51-5,Irritant,Plastic,100 g,LH,Sigma-Aldrich,1/19/2022
Boron chloride,13701-67-2,Corrosive,Glass,5 g,MJ,Alfa Aesar,6/25/2015
Boron hydride,19287-45-7,Flammable,Plastic,250 mL,RC,Sigma-Aldrich,10/10/2019
Boron(III) oxide,1303-86-2,Irritant,Glass,100 mL,PJ,Alfa Aesar,4/18/2017
Boron sulfide,12007-33-9,Irritant,Plastic,1 L,JW,Sigma-Aldrich,12/2/2020
Borazine,6569-51-3,Flammable,Glass,25 g,NB,Alfa Aesar,7/8/2016
Boron carbide,12069-32-8,Irritant,Plastic,100 g,JW,Sigma-Aldrich,3/23/2018
Barium aluminate,12004-04-5,Irritant,Glass,5 g,SH,Alfa Aesar,9/15/2021
Barium arsenite,125687-68-5,Toxic,Plastic,250 mL,BM,Sigma-Aldrich,5/11/2015
Barium arsenate,56997-31-0,Toxic,Glass,100 mL,CA,Alfa Aesar,11/27/2019
Barium hexaboride,12046-08-1,Irritant,Plastic,1 L,EG,Sigma-Aldrich,2/14/2017
Barium bromate monohydrate,10326-26-8,Oxidizer,Glass,25 g,LL,Alfa Aesar,8/30/2020
Barium bromide,10553-31-8,Toxic,Plastic,100 g,DZ,Sigma-Aldrich,1/5/2016
Barium formate,541-43-5,Toxic,Glass,5 g,LL,Alfa Aesar,6/17/2018
Barium acetate,543-81-7,Toxic,Plastic,250 mL,BM,Sigma-Aldrich,10/22/2021
Barium cyanide,542-62-1,Toxic,Glass,100 mL,JW,Alfa Aesar,4/9/2015
Barium oxalate,516-02-9,Toxic,Plastic,1 L,SD,Sigma-Aldrich,12/19/2019
Barium carbide,50813-65-5,Flammable,Glass,25 g,SD,Alfa Aesar,7/3/2017
Barium carbonate,513-77-9,Toxic,Plastic,100 g,JM,Sigma-Aldrich,3/11/2020
Barium perchlorate,13465-95-7,Oxidizer,Glass,5 g,SC,Alfa Aesar,9/28/2016
Barium chloride,10361-37-2,Toxic,Plastic,250 mL,PJ,Sigma-Aldrich,5/7/2018
Barium chromate,10294-40-3,Carcinogenic,Glass,100 mL,LH,Alfa Aesar,11/13/2020
"1,3-Butadiene",106-99-0,Carcinogenic,Plastic,1 L,CA,Sigma-Aldrich,2/14/2017
2-Bromobutyric acid,80-58-0,Corrosive,Glass,5 g,JS,Alfa Aesar,9/15/2021
4-Acetylbutyric acid,448-52-4,Irritant,Plastic,100 g,CW,Sigma-Aldrich,1/19/2022
Acetaminophen,103-90-2,Generally Safe,Glass,25 g,RC,Alfa Aesar,8/30/2020
Acetic acid,64-19-7,Corrosive,Glass,5 g,DB,Alfa Aesar,11/5/2020
Acetylene,74-86-2,Flammable,Glass,100 mL,LH,Alfa Aesar,11/13/2020
Acetylsalicylic acid,50-78-2,Irritant,Glass,5 g,LL,Alfa Aesar,6/17/2018
Alanine,56-41-7,Generally Safe,Glass,5 g,KG,Alfa Aesar,6/25/2015
Anthracene,120-12-7,Harmful,Glass,25 g,LL,Sigma-Aldrich,9/12/2018
Arginine,74-79-3,Generally Safe,Glass,5 g,DB,Alfa Aesar,9/15/2021
Asparagine,70-47-3,Generally Safe,Plastic,1 L,RC,Sigma-Aldrich,2/14/2017
Aspartame,81-14-1,Generally Safe,Glass,5 g,AM,Sigma-Aldrich,6/25/2015
Aspartic acid,56-84-8,Generally Safe,Plastic,250 mL,RC,Sigma-Aldrich,5/11/2015
Barium azide,18810-58-7,Explosive,Plastic,100 g,KR,Sigma-Aldrich,1/19/2022
Barium chromate(V),12345-14-1,Carcinogenic,Plastic,100 g,CA,Sigma-Aldrich,1/19/2022
Barium dioxide,1304-29-6,Oxidizer,Glass,5 g,LL,Alfa Aesar,9/15/2021
Barium disilicate,12650-28-1,Irritant,Plastic,250 mL,JW,Sigma-Aldrich,5/7/2018
Barium fluoride,7787-32-8,Toxic,Glass,100 g,DL,Alfa Aesar,3/15/2018
Barium hexafluorosilicate,17125-80-3,Toxic,Plastic,100 g,GW,Sigma-Aldrich,1/5/2016
Barium hydroxide,17194-00-2,Corrosive,Plastic,100 g,BM,Sigma-Aldrich,3/23/2018
Barium iodide,13718-50-8,Toxic,Glass,5 g,DL,Alfa Aesar,11/5/2020
Barium manganate,7787-35-1,Oxidizer,Glass,100 mL,MJ,Alfa Aesar,8/14/2021
Barium metaniobate,12009-14-2,Irritant,Plastic,1 L,RW,Sigma-Aldrich,12/2/2020
Barium metaphosphate,13466-20-1,Irritant,Plastic,250 mL,SC,Sigma-Aldrich,5/11/2015
Barium metasilicate,13255-26-0,Irritant,Plastic,100 g,DB,Sigma-Aldrich,3/11/2020
Barium molybdate,7787-37-3,Irritant,Glass,25 g,MJ,Alfa Aesar,9/12/2018
Barium niobate,12009-14-2,Irritant,Glass,100 mL,CW,Alfa Aesar,4/18/2017
Barium nitrate,10022-31-8,Oxidizer,Plastic,250 mL,LL,Sigma-Aldrich,10/10/2019
Barium nitride,12047-79-9,Generally Safe,Glass,5 g,KR,Alfa Aesar,6/25/2015
Barium nitrite,13465-94-6,Oxidizer,Glass,5 g,JM,Alfa Aesar,6/25/2015
Barium orthovanadate,39416-30-3,Generally Safe,Plastic,250 mL,KR,Sigma-Aldrich,10/10/2019
Barium oxide,1304-28-5,Corrosive,Glass,25 g,EG,Alfa Aesar,7/8/2016
Barium permanganate,7787-36-2,Oxidizer,Plastic,1 L,PJ,Sigma-Aldrich,5/30/2016
Barium potassium chromate,27133-66-0,Carcinogenic,Plastic,250 mL,SC,Sigma-Aldrich,2/28/2017
Barium pyrophosphate,13466-21-2,Generally Safe,Glass,25 g,RW,Alfa Aesar,9/12/2018
Barium selenate,7787-41-9,Toxic,Glass,25 g,SD,Alfa Aesar,7/3/2017
Barium selenide,1304-39-8,Toxic,Glass,100 mL,JS,Alfa Aesar,4/9/2015
Barium selenite,13718-59-7,Toxic,Plastic,1 L,TC,Sigma-Aldrich,12/19/2019
Barium silicide,1304-40-1,Flammable,Glass,5 g,KG,Alfa Aesar,9/28/2016
Barium sodium niobate,12323-03-4,Generally Safe,Plastic,1 L,EG,Sigma-Aldrich,5/30/2016
Barium stannate,12009-18-6,Irritant,Glass,100 mL,PJ,Alfa Aesar,11/13/2020
Barium sulfate,7787-43-7,Irritant,Plastic,250 mL,LL,Sigma-Aldrich,10/22/2021
Barium sulfide,21109-95-5,Toxic,Glass,100 mL,JS,Alfa Aesar,11/27/2019
Barium sulfite,7787-39-5,Irritant,Glass,5 g,AM,Alfa Aesar,6/17/2018
Barium tellurate trihydrate,28557-54-2,Generally Safe,Glass,100 g,AM,Alfa Aesar,3/15/2018
Barium tellurite,58440-17-8,Irritant,Plastic,1 L,AM,Sigma-Aldrich,2/25/2016
Barium tetraiodomercurate(II),10048-99-4,Toxic,Plastic,25 g,CW,Sigma-Aldrich,7/22/2019
Barium thiocyanate,2092-17-3,Toxic,Plastic,1 L,JS,Sigma-Aldrich,2/14/2017
Barium thiosulfate,35112-53-9,Irritant,Glass,25 g,TC,Alfa Aesar,8/30/2020
Barium titanate,12047-27-7,Harmful,Plastic,25 g,LH,Sigma-Aldrich,7/22/2019
Barium tungstate,7787-42-0,Generally Safe,Plastic,250 mL,DL,Sigma-Aldrich,2/28/2017
Barium uranium oxide,10380-31-1,Generally Safe,Glass,5 g,TC,Alfa Aesar,11/5/2020
Barium zirconate,12009-21-1,Generally Safe,Glass,100 mL,MR,Alfa Aesar,8/14/2021
Benzene,71-43-2,Carcinogenic,Plastic,250 mL,BM,Sigma-Aldrich,2/28/2017
Benzoic acid,65-85-0,Irritant,Plastic,25 g,BM,Sigma-Aldrich,7/22/2019
Benzophenone,119-61-9,Irritant,Plastic,250 mL,DB,Alfa Aesar,2/28/2017
Benzoyl peroxide,94-36-0,Oxidizer,Plastic,100 g,JW,Alfa Aesar,1/19/2022
Beryllium acetate,543-81-7,Toxic,Glass,5 g,SC,Alfa Aesar,9/15/2021
Beryllium acetylacetonate,10210-64-7,Toxic,Plastic,250 mL,LH,Sigma-Aldrich,5/11/2015
Beryllium boride,12228-40-9,Toxic,Glass,100 mL,RC,Alfa Aesar,4/18/2017
Beryllium borohydride,17440-85-6,Toxic,Plastic,1 L,SH,Sigma-Aldrich,12/2/2020
Beryllium bromide,7787-46-4,Toxic,Glass,25 g,CW,Alfa Aesar,7/8/2016
Beryllium carbide,506-66-1,Toxic,Plastic,1 L,CA,Sigma-Aldrich,12/19/2019
Beryllium chloride,7787-47-5,Toxic,Glass,100 mL,KG,Alfa Aesar,11/27/2019
Beryllium fluoride,7787-49-7,Toxic,Plastic,1 L,NB,Sigma-Aldrich,2/14/2017
Beryllium formate,1111-71-3,Toxic,Plastic,100 g,JS,Sigma-Aldrich,3/23/2018
Beryllium hydroxide,13327-32-7,Toxic,Glass,5 g,DL,Alfa Aesar,6/17/2018
Beryllium iodide,7787-53-3,Toxic,Glass,25 g,MR,Alfa Aesar,8/30/2020
Beryllium nitride,1304-54-7,Toxic,Glass,25 g,GW,Alfa Aesar,7/3/2017
Beryllium oxide,1304-56-9,Toxic,Plastic,100 g,RW,Sigma-Aldrich,1/5/2016
Beryllium sulfate,13510-49-1,Toxic,Glass,100 mL,MJ,Alfa Aesar,4/9/2015
Beryllium sulfide,13598-22-6,Toxic,Plastic,250 mL,KR,Sigma-Aldrich,10/22/2021
Biphenyl,92-52-4,Irritant,Glass,100 g,KR,Sigma-Aldrich,3/15/2018
Bismuth oxycarbonate,1458-15-0,Generally Safe,Glass,100 mL,LL,Alfa Aesar,8/14/2021
Bismuth(III) acetate,22306-37-2,Generally Safe,Glass,5 g,DB,Alfa Aesar,9/28/2016
Bismuth(III) bromide,7787-58-8,Generally Safe,Plastic,100 g,KG,Sigma-Aldrich,3/11/2020
Bismuth(III) chloride,7787-60-2,Generally Safe,Glass,100 mL,LH,Alfa Aesar,11/13/2020
Bismuth(III) citrate,813-93-4,Generally Safe,Plastic,250 mL,JW,Sigma-Aldrich,5/7/2018
Bismuth(III) fluoride,7787-61-3,Generally Safe,Plastic,1 L,GW,Sigma-Aldrich,2/25/2016
Bismuth(III) iodide,7787-64-6,Generally Safe,Glass,100 g,KR,Alfa Aesar,3/15/2018
Bismuth(III) molybdate,13565-96-3,Generally Safe,Plastic,100 g,MR,Sigma-Aldrich,1/19/2022
Bismuth(III) nitrate pentahydrate,10035-06-0,Oxidizer,Plastic,25 g,LL,Sigma-Aldrich,7/22/2019
Bismuth(III) orthophosphate,10049-01-1,Generally Safe,Plastic,1 L,LL,Sigma-Aldrich,5/30/2016
Bismuth(III) oxide,1304-76-3,Generally Safe,Glass,5 g,GW,Alfa Aesar,6/25/2015
Bismuth(III) oxychloride,7787-59-9,Generally Safe,Glass,5 g,CW,Alfa Aesar,11/5/2020
Bismuth(III) oxyiodide,7787-63-5,Generally Safe,Plastic,250 mL,DZ,Sigma-Aldrich,2/28/2017
Bismuth(III) selenide,12068-69-8,Generally Safe,Glass,25 g,JW,Alfa Aesar,9/12/2018
Bismuth(III) sulfide,1345-07-9,Generally Safe,Plastic,250 mL,RW,Sigma-Aldrich,10/10/2019
Bromate ion,15541-45-4,Oxidizer,Plastic,1 L,SC,Sigma-Aldrich,12/2/2020
Bromine,7726-95-6,Corrosive,Glass,25 g,DZ,Alfa Aesar,7/8/2016
Bromine chloride,13863-41-7,Corrosive,Glass,100 mL,JW,Alfa Aesar,4/18/2017
Bromoethane,74-96-4,Flammable,Plastic,250 mL,NB,Sigma-Aldrich,2/28/2017
Butane,106-97-8,Flammable,Glass,5 g,JM,Alfa Aesar,6/17/2018
Cadmium acetate,543-90-8,Toxic,Plastic,1 L,PJ,Sigma-Aldrich,8/30/2021
Cadmium acetate,543-90-8,Toxic,Plastic,100 g,JW,Alfa Aesar,5/5/2014
Cadmium antimonide,12014-29-8,Toxic,Plastic,25 g,SH,Sigma-Aldrich,7/6/2015
Cadmium antimonide,12014-29-8,Toxic,Glass,50 g,MJ,Sigma-Aldrich,3/28/2017
Cadmium arsenide,12006-15-4,Toxic,Glass,5 g,SC,Alfa Aesar,3/15/2016
Cadmium arsenide,12006-15-4,Toxic,Plastic,50 g,DL,Fisher Chemical,9/25/2014
Cadmium azide,14215-29-3,Explosive,Glass,100 g,KG,Alfa Aesar,3/5/2020
Cadmium azide,14215-29-3,Explosive,Plastic,10 g,AM,Fisher Chemical,4/20/2022
Cadmium bromide,7789-42-6,Toxic,Glass,100 g,RC,Alfa Aesar,11/5/2018
Cadmium bromide,7789-42-6,Toxic,Glass,100 g,CW,Alfa Aesar,3/20/2021
Cadmium carbonate,513-78-0,Toxic,Glass,250 mL,LH,Alfa Aesar,5/19/2020
Cadmium carbonate,513-78-0,Toxic,Glass,250 g,TC,Fisher Chemical,12/10/2023
Cadmium chloride,10108-64-2,Toxic,Plastic,25 g,SH,Sigma-Aldrich,4/10/2023
Cadmium chloride,10108-64-2,Toxic,Glass,100 g,KR,Sigma-Aldrich,3/15/2015
Cadmium chromate,14312-00-6,Carcinogenic,Glass,100 g,NB,Alfa Aesar,7/15/2014
Cadmium chromate,14312-00-6,Carcinogenic,Plastic,50 g,PJ,Fisher Chemical,7/22/2016
Cadmium cyanide,542-83-6,Toxic,Plastic,100 mL,JM,Sigma-Aldrich,2/14/2019
Cadmium cyanide,542-83-6,Toxic,Plastic,50 g,SC,Sigma-Aldrich,8/15/2022
Cadmium fluoride,7790-79-6,Toxic,Plastic,100 mL,EG,Sigma-Aldrich,10/28/2015
Cadmium fluoride,7790-79-6,Toxic,Glass,100 g,SH,Alfa Aesar,11/10/2017
Cadmium hydroxide,21041-95-2,Toxic,Glass,250 mL,LL,Alfa Aesar,9/22/2022
Cadmium hydroxide,21041-95-2,Toxic,Plastic,100 g,DZ,Sigma-Aldrich,1/12/2014
Cadmium iodate,7790-81-0,Toxic,Plastic,1 L,MJ,Sigma-Aldrich,5/23/2017
Cadmium iodate,7790-81-0,Oxidizer,Glass,50 g,NB,Fisher Chemical,5/25/2019
Cadmium iodide,7790-80-9,Toxic,Glass,250 mL,DB,Alfa Aesar,1/12/2016
Cadmium iodide,7790-80-9,Toxic,Plastic,100 g,EG,Sigma-Aldrich,2/18/2018
Cadmium metasilicate,13477-19-5,Toxic,Plastic,100 mL,JM,Sigma-Aldrich,1/14/2017
Cadmium metasilicate,13477-19-5,Generally Safe,Glass,100 g,RC,Alfa Aesar,11/20/2019
Cadmium molybdate,13972-68-4,Toxic,Glass,5 g,TC,Alfa Aesar,8/17/2018
Cadmium molybdate,13972-68-4,Toxic,Plastic,100 g,AM,Alfa Aesar,9/30/2020
Cadmium niobate,12187-14-3,Toxic,Plastic,25 g,CW,Sigma-Aldrich,3/8/2021
Cadmium niobate,12187-14-3,Generally Safe,Glass,50 g,SC,Sigma-Aldrich,5/28/2023
Cadmium nitrate,10325-94-7,Oxidizer,Plastic,25 g,TC,Sigma-Aldrich,11/30/2019
Cadmium nitrate,10325-94-7,Oxidizer,Glass,100 g,EG,Sigma-Aldrich,12/14/2021
Cadmium oxalate,814-88-0,Toxic,Glass,5 g,GW,Alfa Aesar,12/25/2022
Cadmium oxalate,814-88-0,Toxic,Glass,50 g,LL,Sigma-Aldrich,9/28/2015
Cadmium oxide,1306-19-0,Toxic,Plastic,100 mL,SH,Sigma-Aldrich,6/18/2021
Cadmium oxide,1306-19-0,Carcinogenic,Glass,100 g,PJ,Alfa Aesar,8/15/2023
Cadmium phosphide,12014-28-7,Toxic,Plastic,25 g,AM,Sigma-Aldrich,7/22/2017
Cadmium phosphide,12014-28-7,Toxic,Glass,50 g,RC,Alfa Aesar,1/20/2015
Cadmium selenide,1306-24-7,Carcinogenic,Glass,100 g,DB,Alfa Aesar,10/10/2016
Cadmium selenide,1306-24-7,Toxic,Plastic,50 g,TC,Fisher Chemical,7/25/2018
Cadmium sulfate,10124-36-4,Toxic,Glass,5 g,RC,Alfa Aesar,4/2/2014
Cadmium sulfate,10124-36-4,Toxic,Plastic,100 g,LH,Alfa Aesar,10/1/2016
Cadmium sulfide,1306-23-6,Carcinogenic,Plastic,1 L,TC,Sigma-Aldrich,12/27/2023
Cadmium sulfide,1306-23-6,Toxic,Glass,100 g,RW,Fisher Chemical,6/5/2015
Cadmium telluride,1306-25-8,Carcinogenic,Glass,250 mL,PJ,Alfa Aesar,5/25/2018
Cadmium telluride,1306-25-8,Toxic,Plastic,50 g,TC,Sigma-Aldrich,4/15/2020
Cadmium titanate,12014-14-1,Toxic,Plastic,1 L,BM,Sigma-Aldrich,8/29/2019
Cadmium titanate,12014-14-1,Generally Safe,Glass,100 g,RW,Fisher Chemical,8/10/2021
Cadmium tungstate,7790-85-4,Toxic,Glass,5 g,PJ,Alfa Aesar,12/3/2020
Cadmium tungstate,7790-85-4,Toxic,Plastic,50 g,SC,Alfa Aesar,12/5/2022
Caesium acetate,3396-11-0,Generally Safe,Plastic,100 mL,KR,Alfa Aesar,2/14/2019
Caesium acetate,3396-11-0,Generally Safe,Plastic,100 mL,NB,Sigma-Aldrich,3/29/2020
Caesium amide,22205-57-8,Generally Safe,Plastic,100 mL,AM,Alfa Aesar,12/8/2015
Caesium amide,22205-57-8,Generally Safe,Plastic,100 mL,KR,Sigma-Aldrich,11/22/2016
Caesium azide,22750-57-8,Explosive,Plastic,1 L,SH,Alfa Aesar,7/15/2017
Caesium azide,22750-57-8,Explosive,Plastic,1 L,CW,Sigma-Aldrich,5/30/2018
Caesium borate,92141-86-1,Generally Safe,Plastic,1 L,JS,Sigma-Aldrich,2/5/2018
Caesium borate,92141-86-1,Generally Safe,Plastic,1 L,GW,Sigma-Aldrich,2/19/2016
Caesium bromate,13454-75-6,Oxidizer,Plastic,100 g,CA,Alfa Aesar,8/23/2017
Caesium bromate,13454-75-6,Oxidizer,Plastic,25 g,KG,Sigma-Aldrich,9/12/2018
Caesium bromide,7787-69-1,Generally Safe,Glass,25 g,DB,Sigma-Aldrich,5/12/2016
Caesium bromide,7787-69-1,Generally Safe,Glass,5 g,NB,Alfa Aesar,6/23/2017
Caesium carbonate,29703-01-3,Generally Safe,Plastic,100 mL,KR,Alfa Aesar,8/21/2021
Caesium carbonate,29703-01-3,Generally Safe,Plastic,100 mL,AM,Sigma-Aldrich,7/19/2022
Caesium chlorate,13763-67-2,Oxidizer,Plastic,1 L,MJ,Alfa Aesar,10/30/2021
Caesium chlorate,13763-67-2,Oxidizer,Plastic,1 L,DZ,Sigma-Aldrich,10/15/2022
Caesium chloride,7647-17-8,Generally Safe,Glass,250 mL,EG,Sigma-Aldrich,7/19/2020
Caesium chloride,7647-17-8,Generally Safe,Glass,250 mL,PJ,Alfa Aesar,7/21/2021
Caesium cyanide,21159-32-0,Toxic,Glass,5 g,NB,Sigma-Aldrich,11/5/2018
Caesium cyanide,21159-32-0,Toxic,Glass,100 g,CA,Alfa Aesar,12/8/2019
Caesium fluoride,13400-13-0,Toxic,Plastic,25 g,RC,Alfa Aesar,6/17/2023
Caesium fluoride,13400-13-0,Toxic,Plastic,25 g,KG,Sigma-Aldrich,4/14/2014
Caesium hydroxide,21351-79-1,Corrosive,Glass,5 g,LH,Sigma-Aldrich,10/9/2018
Caesium hydroxide,21351-79-1,Corrosive,Glass,5 g,TC,Alfa Aesar,9/3/2019
Caesium iodide,7789-17-5,Generally Safe,Glass,100 g,DZ,Sigma-Aldrich,9/12/2014
Caesium iodide,7789-17-5,Generally Safe,Glass,100 g,BM,Alfa Aesar,8/18/2015
Caesium molybdate,13597-64-3,Generally Safe,Glass,250 mL,RW,Sigma-Aldrich,11/14/2022
Caesium molybdate,13597-64-3,Generally Safe,Glass,250 mL,LH,Alfa Aesar,10/23/2023
Caesium nitrate,7789-18-6,Oxidizer,Glass,250 mL,PJ,Sigma-Aldrich,4/22/2016
Caesium nitrate,7789-18-6,Oxidizer,Glass,250 mL,MR,Alfa Aesar,2/26/2017
Caesium oxide,20281-00-9,Corrosive,Glass,5 g,KG,Alfa Aesar,2/15/2015
Caesium oxide,20281-00-9,Corrosive,Plastic,1 L,RC,Alfa Aesar,2/7/2023
Caesium perchlorate,13454-84-7,Oxidizer,Glass,5 g,MR,Sigma-Aldrich,3/25/2022
Caesium perchlorate,13454-84-7,Oxidizer,Glass,5 g,TC,Alfa Aesar,1/9/2023
Caesium sulfate,10294-54-9,Generally Safe,Glass,5 g,MJ,Sigma-Aldrich,6/1/2014
Caesium sulfate,10294-54-9,Generally Safe,Plastic,25 g,KG,Sigma-Aldrich,6/20/2016
Caesium sulfide,12214-16-3,Generally Safe,Glass,100 g,DL,Sigma-Aldrich,5/28/2020
Caesium sulfide,12214-16-3,Generally Safe,Glass,100 g,CW,Alfa Aesar,3/14/2021
Caesium superoxide,12018-61-0,Oxidizer,Plastic,25 g,SH,Alfa Aesar,1/3/2019
Caesium superoxide,12018-61-0,Oxidizer,Plastic,25 g,GW,Sigma-Aldrich,12/28/2020
Calcium acetate,62-54-4,Generally Safe,Glass,250 mL,LH,Alfa Aesar,5/19/2020
Calcium acetate,62-54-4,Generally Safe,Plastic,250 mL,CW,Alfa Aesar,11/13/2020
Calcium boride,12007-99-7,Flammable,Plastic,250 mL,DB,Alfa Aesar,10/22/2021
Calcium boride,12007-99-7,Generally Safe,Plastic,100 mL,AM,Alfa Aesar,11/2/2023
Calcium bromide,7789-41-5,Irritant,Glass,100 mL,SD,Sigma-Aldrich,4/9/2015
Calcium bromide,7789-41-5,Generally Safe,Glass,250 mL,EG,Sigma-Aldrich,2/25/2014
Calcium carbide,75-20-7,Flammable,Plastic,100 g,MR,Alfa Aesar,9/28/2016
Calcium carbonate,471-34-1,Generally Safe,Plastic,100 g,JM,Sigma-Aldrich,7/22/2017
Calcium carbonate,471-34-1,Generally Safe,Glass,25 g,JW,Sigma-Aldrich,3/11/2020
Calcium chlorate,10137-74-3,Oxidizer,Glass,100 g,DL,Alfa Aesar,7/15/2014
Calcium chlorate,10137-74-3,Oxidizer,Glass,250 g,LH,Alfa Aesar,11/10/2017
Calcium chloride,10043-52-4,Irritant,Plastic,25 g,BM,Sigma-Aldrich,4/10/2023
Calcium chloride,10043-52-4,Irritant,Plastic,1 kg,CA,Fisher Chemical,7/22/2016
Calcium cyanamide,156-62-7,Toxic,Glass,5 g,JS,Alfa Aesar,12/25/2022
Calcium cyanamide,156-62-7,Harmful,Glass,500 g,SD,Sigma-Aldrich,3/15/2015
Calcium cyanide,592-01-8,Toxic,Glass,5 g,RC,Alfa Aesar,3/15/2016
Calcium cyanide,592-01-8,Toxic,Plastic,1 L,BM,Alfa Aesar,12/19/2019
Calcium fluoride,7789-75-5,Generally Safe,Glass,250 mL,SC,Alfa Aesar,1/12/2016
Calcium fluoride,7789-75-5,Generally Safe,Glass,500 g,KG,Fisher Chemical,5/25/2019
Calcium formate,544-17-2,Irritant,Glass,5 g,EG,Sigma-Aldrich,5/7/2018
Calcium formate,544-17-2,Generally Safe,Plastic,100 mL,SD,Sigma-Aldrich,2/14/2019
Calcium hydride,7789-78-8,Flammable,Plastic,50 g,PJ,Alfa Aesar,9/30/2020
Calcium hydroxide,1305-62-0,Irritant,Glass,500 g,DL,Alfa Aesar,11/20/2019
Calcium hydroxide,1305-62-0,Irritant,Glass,100 g,KR,Alfa Aesar,10/10/2016
Calcium hypophosphite,7789-79-9,Irritant,Glass,200 g,CA,Sigma-Aldrich,12/14/2021
Calcium hypophosphite,7789-79-9,Generally Safe,Glass,5 g,DB,Alfa Aesar,8/17/2018
Calcium iodate,7789-80-2,Oxidizer,Glass,100 g,MR,Alfa Aesar,3/5/2020
Calcium iodate,7789-80-2,Oxidizer,Glass,250 g,TC,Alfa Aesar,8/15/2023
Calcium iodide,10102-68-8,Irritant,Plastic,100 g,LL,Fisher Chemical,4/20/2022
Calcium iodide,10102-68-8,Generally Safe,Plastic,25 g,AM,Sigma-Aldrich,11/30/2019
Calcium metasilicate,1344-95-2,Generally Safe,Glass,100 g,SC,Alfa Aesar,6/12/2022
Calcium metasilicate,1344-95-2,Generally Safe,Glass,1 kg,LL,Alfa Aesar,1/20/2015
Calcium molybdate,7789-82-4,Generally Safe,Plastic,100 mL,RW,Sigma-Aldrich,6/18/2021
Calcium molybdate,7789-82-4,Generally Safe,Plastic,500 g,MJ,Sigma-Aldrich,1/12/2014
Calcium nitrate,10124-37-5,Oxidizer,Plastic,1 L,RW,Sigma-Aldrich,12/27/2023
Calcium nitrate,10124-37-5,Oxidizer,Plastic,1 kg,LH,Alfa Aesar,10/1/2016
Calcium nitrate tetrahydrate,13477-34-4,Oxidizer,Glass,5 g,GW,Alfa Aesar,4/2/2014
Calcium nitrate tetrahydrate,13477-34-4,Oxidizer,Glass,500 g,SH,Sigma-Aldrich,3/28/2017
Calcium nitrite,13780-06-8,Oxidizer,Glass,250 mL,NB,Alfa Aesar,9/22/2022
Calcium nitrite,13780-06-8,Oxidizer,Glass,100 g,SD,Fisher Chemical,6/5/2015
Calcium oxalate,563-72-4,Toxic,Plastic,1 L,CA,Sigma-Aldrich,8/30/2021
Calcium oxalate,563-72-4,Harmful,Glass,100 mL,DZ,Sigma-Aldrich,2/25/2016
Calcium perchlorate,13477-36-6,Oxidizer,Plastic,100 mL,TC,Sigma-Aldrich,10/28/2015
Calcium perchlorate,13477-36-6,Oxidizer,Plastic,100 g,LH,Sigma-Aldrich,2/18/2018
Calcium peroxide,1305-79-9,Oxidizer,Plastic,100 mL,SC,Sigma-Aldrich,1/14/2017
Calcium peroxide,1305-79-9,Oxidizer,Plastic,100 g,DL,Sigma-Aldrich,4/15/2020
Calcium phosphide,1305-99-3,Flammable,Plastic,50 g,TC,Fisher Chemical,11/25/2020
Calcium selenide,1305-84-6,Generally Safe,Plastic,25 g,JM,Sigma-Aldrich,3/8/2021
Calcium selenide,1305-84-6,Toxic,Plastic,50 g,DB,Fisher Chemical,9/25/2014
Calcium sulfate,7778-18-9,Generally Safe,Plastic,1 L,GW,Sigma-Aldrich,8/29/2019
Calcium sulfate,7778-18-9,Generally Safe,Plastic,1 kg,AM,Alfa Aesar,12/5/2022
Calcium sulfide,20548-54-3,Irritant,Glass,250 g,DB,Fisher Chemical,8/10/2021
Calcium sulfide,20548-54-3,Generally Safe,Glass,250 mL,AM,Alfa Aesar,5/25/2018
Calcium telluride,12013-57-9,Generally Safe,Plastic,100 mL,DB,Sigma-Aldrich,9/16/2023
Calcium telluride,12013-57-9,Toxic,Plastic,100 g,DL,Sigma-Aldrich,6/15/2016
Calcium titanate,12049-50-2,Generally Safe,Glass,250 mL,SH,Alfa Aesar,12/20/2014
Calcium titanate,12049-50-2,Generally Safe,Glass,500 g,DZ,Fisher Chemical,10/10/2017
Calcium tungstate,7790-75-2,Generally Safe,Plastic,1 L,SH,Sigma-Aldrich,3/26/2015
Calcium tungstate,7790-75-2,Generally Safe,Plastic,250 g,PJ,Alfa Aesar,2/5/2018
Camphor,76-22-2,Flammable,Plastic,250 mL,BM,Sigma-Aldrich,5/7/2018
Carbon dioxide,124-38-9,Generally Safe,Plastic,100 g,LL,Sigma-Aldrich,3/11/2020
Carbon disulfide,75-15-0,Flammable,Glass,5 g,MR,Alfa Aesar,9/28/2016
Carbon monoxide,630-08-0,Toxic,Plastic,1 L,RC,Sigma-Aldrich,12/19/2019
Carbon tetrachloride,56-23-5,Carcinogenic,Glass,5 g,SH,Alfa Aesar,9/15/2021
Catechol,120-80-9,Harmful,Glass,100 mL,PJ,Alfa Aesar,8/14/2021
Cerium boride,12008-02-5,Flammable,Glass,100 g,CW,Alfa Aesar,11/5/2018
Cerium boride,12008-02-5,Generally Safe,Plastic,50 g,EG,Sigma-Aldrich,6/15/2016
Cerium carbide,12012-32-7,Flammable,Glass,250 mL,KG,Alfa Aesar,5/19/2020
Cerium carbide,12012-32-7,Generally Safe,Plastic,50 g,KR,Alfa Aesar,2/5/2018
Cerium nitride,25764-08-3,Flammable,Glass,250 mL,DB,Alfa Aesar,1/12/2016
Cerium nitride,25764-08-3,Generally Safe,Glass,50 g,DZ,Sigma-Aldrich,3/15/2015
Cerium silicide,12014-85-6,Flammable,Plastic,25 g,JM,Sigma-Aldrich,11/30/2019
Cerium silicide,12014-85-6,Generally Safe,Plastic,50 g,TC,Sigma-Aldrich,2/18/2018
Cerium(II) iodide,19139-47-0,Generally Safe,Plastic,50 g,NB,Sigma-Aldrich,8/15/2022
Cerium(II) iodide,19139-47-0,Irritant,Glass,100 g,AM,Alfa Aesar,7/15/2014
Cerium(II) sulfide,12014-82-3,Generally Safe,Glass,50 g,EG,Alfa Aesar,11/10/2017
Cerium(II) sulfide,12014-82-3,Irritant,Glass,5 g,DB,Alfa Aesar,8/17/2018
Cerium(III) bromide,14457-87-5,Generally Safe,Glass,50 g,JW,Fisher Chemical,10/10/2017
Cerium(III) bromide,14457-87-5,Irritant,Plastic,100 mL,KR,Sigma-Aldrich,2/14/2019
Cerium(III) carbide,12115-63-8,Flammable,Glass,100 g,MR,Alfa Aesar,3/5/2020
Cerium(III) carbide,12115-63-8,Generally Safe,Glass,50 g,MJ,Fisher Chemical,5/25/2019
Cerium(III) chloride,7790-86-5,Irritant,Plastic,1 L,PJ,Sigma-Aldrich,8/30/2021
Cerium(III) chloride,7790-86-5,Irritant,Glass,50 g,DL,Sigma-Aldrich,7/28/2019
Cerium(III) fluoride,7758-88-5,Irritant,Plastic,50 g,RW,Fisher Chemical,11/25/2020
Cerium(III) fluoride,7758-88-5,Irritant,Glass,5 g,TC,Alfa Aesar,12/25/2022
Cerium(III) iodide,7790-87-6,Generally Safe,Glass,50 g,SD,Fisher Chemical,12/10/2023
Cerium(III) iodide,7790-87-6,Irritant,Plastic,100 mL,SC,Sigma-Aldrich,10/28/2015
Cerium(III) oxide,1345-13-7,Irritant,Plastic,100 mL,KG,Sigma-Aldrich,6/18/2021
Cerium(III) oxide,1345-13-7,Generally Safe,Plastic,100 g,MR,Alfa Aesar,9/30/2020
Cerium(III) sulfide,12014-93-6,Generally Safe,Glass,50 g,DL,Sigma-Aldrich,12/14/2021
Cerium(III) sulfide,12014-93-6,Irritant,Glass,250 mL,KG,Alfa Aesar,9/22/2022
Cerium(IV) fluoride,7758-88-5,Irritant,Glass,50 g,GW,Alfa Aesar,3/20/2021
Cerium(IV) fluoride,7758-88-5,Irritant,Plastic,25 g,DL,Sigma-Aldrich,4/10/2023
Cerium(IV) oxide,1306-38-3,Irritant,Plastic,1 L,GW,Sigma-Aldrich,5/23/2017
Cerium(IV) oxide,1306-38-3,Generally Safe,Plastic,100 g,CA,Fisher Chemical,7/22/2016
Chlorine,7782-50-5,Toxic,Plastic,1 L,LL,Sigma-Aldrich,8/29/2019
Chlorine,7782-50-5,Toxic,Glass,100 g,TC,Fisher Chemical,7/25/2018
Chlorine dioxide,10049-04-4,Toxic,Plastic,100 mL,LL,Sigma-Aldrich,1/14/2017
Chlorine dioxide,10049-04-4,Oxidizer,Glass,100 g,EG,Alfa Aesar,10/1/2016
Chlorine fluoride,7790-89-8,Toxic,Plastic,1 L,DB,Sigma-Aldrich,12/27/2023
Chlorine fluoride,7790-89-8,Oxidizer,Glass,100 g,MR,Fisher Chemical,4/20/2022
Chlorine heptoxide,10294-48-1,Oxidizer,Plastic,50 g,PJ,Fisher Chemical,8/10/2021
Chlorine heptoxide,10294-48-1,Oxidizer,Glass,100 g,JW,Alfa Aesar,11/5/2018
Chlorine hexoxide,12442-63-6,Oxidizer,Glass,50 g,KR,Sigma-Aldrich,4/15/2020
Chlorine hexoxide,12442-63-6,Oxidizer,Plastic,25 g,AM,Sigma-Aldrich,7/22/2017
Chlorine pentafluoride,13637-63-3,Toxic,Plastic,25 g,LL,Sigma-Aldrich,7/6/2015
Chlorine pentafluoride,13637-63-3,Oxidizer,Glass,100 g,EG,Sigma-Aldrich,1/12/2014
Chlorine perchlorate,27218-16-2,Oxidizer,Plastic,50 g,JW,Fisher Chemical,6/5/2015
Chlorine perchlorate,27218-16-2,Oxidizer,Glass,100 g,SC,Alfa Aesar,10/10/2016
Chlorine trifluoride,7790-91-2,Toxic,Glass,5 g,EG,Alfa Aesar,4/2/2014
Chlorine trifluoride,7790-91-2,Oxidizer,Plastic,100 g,MR,Alfa Aesar,8/15/2023
Chlorine trioxide,17496-59-2,Oxidizer,Plastic,50 g,SH,Alfa Aesar,11/20/2019
Chlorine trioxide,17496-59-2,Oxidizer,Glass,5 g,DB,Alfa Aesar,3/15/2016
Chlorine trioxide fluoride,7616-94-6,Oxidizer,Plastic,50 g,SH,Sigma-Aldrich,3/28/2017
Chlorine trioxide fluoride,7616-94-6,Oxidizer,Glass,250 mL,PJ,Alfa Aesar,5/25/2018
Chloroform,67-66-3,Carcinogenic,Glass,100 mL,KG,Alfa Aesar,11/27/2019
Chloromethane,74-87-3,Flammable,Glass,5 g,KR,Alfa Aesar,6/17/2018
Chromium antimonide,12053-12-2,Generally Safe,Plastic,1 L,MR,Sigma-Aldrich,12/5/2022
Chromium antimonide,12053-12-2,Generally Safe,Plastic,1 L,RC,Sigma-Aldrich,7/15/2020
Chromium(II) bromide,10049-25-9,Toxic,Glass,5 g,DL,Alfa Aesar,3/15/2015
Chromium(II) bromide,10049-25-9,Generally Safe,Plastic,25 g,TC,Alfa Aesar,11/30/2019
Chromium(II) carbide,12012-35-0,Generally Safe,Glass,250 mL,CA,Alfa Aesar,10/10/2017
Chromium(II) carbide,12012-35-0,Generally Safe,Glass,250 mL,EG,Alfa Aesar,11/27/2015
Chromium(II) chloride,10049-05-5,Toxic,Glass,100 g,KG,Alfa Aesar,11/10/2017
Chromium(II) chloride,10049-05-5,Generally Safe,Plastic,100 mL,MJ,Alfa Aesar,6/18/2021
Chromium(II) fluoride,10049-10-2,Generally Safe,Plastic,1 L,JW,Sigma-Aldrich,9/30/2020
Chromium(II) fluoride,10049-10-2,Generally Safe,Glass,5 g,LL,Sigma-Aldrich,4/2/2014
Chromium(II) iodide,13478-28-9,Generally Safe,Glass,250 mL,DB,Alfa Aesar,6/5/2015
Chromium(II) iodide,13478-28-9,Generally Safe,Plastic,1 L,SD,Alfa Aesar,8/29/2019
Chromium(III) bromide,10031-25-1,Generally Safe,Plastic,25 g,DZ,Sigma-Aldrich,7/22/2016
Chromium(III) bromide,10031-25-1,Generally Safe,Glass,100 g,SD,Sigma-Aldrich,3/5/2020
Chromium(III) chloride,10025-73-7,Generally Safe,Plastic,100 mL,SD,Sigma-Aldrich,2/18/2018
Chromium(III) chloride,10025-73-7,Generally Safe,Glass,250 mL,DL,Sigma-Aldrich,9/22/2022
Chromium(III) fluoride,7788-97-8,Generally Safe,Glass,5 g,DL,Alfa Aesar,12/14/2021
Chromium(III) fluoride,7788-97-8,Generally Safe,Plastic,25 g,SH,Alfa Aesar,7/6/2015
Chromium(III) iodide,13569-75-0,Generally Safe,Plastic,1 L,RC,Sigma-Aldrich,10/1/2016
Chromium(III) iodide,13569-75-0,Generally Safe,Glass,5 g,DZ,Sigma-Aldrich,12/2/2020
Chromium(III) nitrate,13548-38-4,Oxidizer,Glass,5 g,GW,Alfa Aesar,3/28/2017
Chromium(III) nitrate,13548-38-4,Oxidizer,Glass,5 g,KG,Alfa Aesar,2/15/2015
Chromium(III) oxide,1308-38-9,Generally Safe,Glass,5 g,SH,Alfa Aesar,5/28/2023
Chromium(III) oxide,1308-38-9,Generally Safe,Glass,5 g,LH,Alfa Aesar,10/30/2021
Chromium(III) phosphate,7789-04-0,Generally Safe,Glass,250 mL,AM,Alfa Aesar,8/10/2021
Chromium(III) phosphate,7789-04-0,Generally Safe,Glass,250 mL,LH,Alfa Aesar,3/25/2019
Chromium(III) sulfate,10101-53-8,Generally Safe,Plastic,25 g,DL,Sigma-Aldrich,9/25/2014
Chromium(III) sulfate,10101-53-8,Generally Safe,Plastic,25 g,JW,Sigma-Aldrich,1/18/2022
Chromium(III) sulfide,12018-22-3,Generally Safe,Glass,100 g,DL,Alfa Aesar,1/20/2015
Chromium(III) sulfide,12018-22-3,Generally Safe,Glass,100 g,GW,Alfa Aesar,5/22/2023
Chromium(III) telluride,12053-39-3,Generally Safe,Plastic,100 mL,LL,Sigma-Aldrich,6/15/2016
Chromium(III) telluride,12053-39-3,Generally Safe,Plastic,100 mL,DL,Sigma-Aldrich,8/14/2014
Chromium(IV) chloride,15597-88-3,Generally Safe,Glass,250 mL,JS,Alfa Aesar,5/25/2019
Chromium(IV) chloride,15597-88-3,Generally Safe,Plastic,1 L,SD,Alfa Aesar,12/27/2023
Chromium(IV) fluoride,10049-11-3,Generally Safe,Plastic,25 g,MR,Sigma-Aldrich,4/20/2022
Chromium(IV) fluoride,10049-11-3,Generally Safe,Glass,100 g,GW,Sigma-Aldrich,10/10/2016
Chromium(IV) oxide,12018-01-8,Generally Safe,Plastic,25 g,DB,Sigma-Aldrich,7/25/2018
Chromium(IV) oxide,12018-01-8,Generally Safe,Plastic,25 g,CW,Sigma-Aldrich,6/20/2016
Chromium(V) fluoride,13843-28-2,Generally Safe,Glass,100 g,DZ,Alfa Aesar,8/15/2023
Chromium(V) fluoride,13843-28-2,Generally Safe,Plastic,100 mL,KG,Alfa Aesar,1/14/2017
Chromium(VI) fluoride,13843-28-2,Generally Safe,Plastic,100 mL,AM,Sigma-Aldrich,1/12/2014
Chromium(VI) fluoride,13843-28-2,Generally Safe,Glass,250 mL,KR,Sigma-Aldrich,5/25/2018
Chromium(VI) oxide,1333-82-0,Carcinogenic,Glass,100 g,PJ,Alfa Aesar,11/20/2019
Chromium(VI) oxide,1333-82-0,Carcinogenic,Glass,100 g,JW,Alfa Aesar,9/10/2017
Chromium(VI) oxychloride,14977-61-8,Generally Safe,Plastic,100 mL,CA,Sigma-Aldrich,4/15/2020
Chromium(VI) oxychloride,14977-61-8,Generally Safe,Plastic,100 mL,BM,Sigma-Aldrich,12/5/2018
Citric acid,77-92-9,Generally Safe,Plastic,1 L,EG,Sigma-Aldrich,5/30/2016
Cobalt antimonide,12052-42-5,Generally Safe,Glass,5 g,KG,Alfa Aesar,3/28/2017
Cobalt antimonide,12052-42-5,Generally Safe,Plastic,25 g,SH,Alfa Aesar,7/22/2017
Cobalt arsenide,27016-73-5,Carcinogenic,Glass,250 mL,SH,Alfa Aesar,5/19/2020
Cobalt arsenide,27016-73-5,Toxic,Plastic,50 g,JM,Sigma-Aldrich,5/28/2023
Cobalt boride,12045-01-1,Generally Safe,Plastic,1 L,KR,Sigma-Aldrich,12/5/2022
Cobalt boride,12045-01-1,Generally Safe,Glass,5 g,KG,Sigma-Aldrich,12/25/2022
Cobalt disulfide,12013-10-4,Generally Safe,Plastic,1 L,DZ,Sigma-Aldrich,10/1/2016
Cobalt disulfide,12013-10-4,Irritant,Glass,5 g,CW,Sigma-Aldrich,3/15/2016
Cobalt(II) acetate,71-48-7,Harmful,Glass,50 g,GW,Alfa Aesar,2/5/2018
Cobalt(II) acetate,71-48-7,Irritant,Plastic,100 mL,SD,Sigma-Aldrich,10/28/2015
Cobalt(II) aluminate,13820-62-7,Generally Safe,Glass,50 g,RC,Alfa Aesar,12/5/2022
Cobalt(II) aluminate,13820-62-7,Irritant,Plastic,100 mL,BM,Sigma-Aldrich,2/14/2019
Cobalt(II) arsenide,12044-42-7,Carcinogenic,Plastic,1 L,SC,Sigma-Aldrich,8/30/2021
Cobalt(II) arsenide,12044-42-7,Toxic,Glass,50 g,DB,Fisher Chemical,9/25/2014
Cobalt(II) boride,12006-77-8,Generally Safe,Plastic,50 g,TC,Alfa Aesar,1/20/2015
Cobalt(II) boride,12006-77-8,Irritant,Glass,5 g,EG,Alfa Aesar,12/25/2022
Cobalt(II) bromide,7789-43-7,Toxic,Plastic,25 g,JS,Sigma-Aldrich,4/10/2023
Cobalt(II) bromide,7789-43-7,Harmful,Glass,50 g,BM,Sigma-Aldrich,6/15/2016
Cobalt(II) chloride,7646-79-9,Toxic,Plastic,25 g,DL,Sigma-Aldrich,11/30/2019
Cobalt(II) chloride,7646-79-9,Harmful,Glass,50 g,KR,Sigma-Aldrich,8/15/2022
Cobalt(II) chromate,24613-38-5,Carcinogenic,Glass,100 g,DL,Alfa Aesar,3/5/2020
Cobalt(II) chromate,24613-38-5,Carcinogenic,Plastic,50 g,RC,Fisher Chemical,12/10/2023
Cobalt(II) chromite,13455-25-9,Carcinogenic,Plastic,100 mL,JS,Sigma-Aldrich,6/18/2021
Cobalt(II) chromite,13455-25-9,Carcinogenic,Glass,50 g,CW,Alfa Aesar,5/28/2023
Cobalt(II) cyanide,542-84-7,Toxic,Glass,100 g,DB,Alfa Aesar,7/15/2014
Cobalt(II) cyanide,542-84-7,Toxic,Plastic,50 g,JS,Fisher Chemical,10/10/2017
Cobalt(II) ferricyanide,14049-81-1,Generally Safe,Plastic,1 L,KR,Sigma-Aldrich,2/5/2018
Cobalt(II) ferricyanide,14049-81-1,Generally Safe,Glass,5 g,BM,Sigma-Aldrich,8/17/2018
Cobalt(II) fluoride,10026-17-2,Toxic,Glass,5 g,DL,Alfa Aesar,3/15/2015
Cobalt(II) fluoride,10026-17-2,Toxic,Glass,250 mL,RC,Alfa Aesar,9/22/2022
Cobalt(II) hydroxide,21041-93-0,Toxic,Glass,100 g,RC,Alfa Aesar,8/15/2023
Cobalt(II) hydroxide,21041-93-0,Irritant,Glass,5 g,LH,Alfa Aesar,12/2/2020
Cobalt(II) iodate,13455-28-2,Generally Safe,Glass,100 g,CA,Alfa Aesar,11/10/2017
Cobalt(II) iodate,13455-28-2,Oxidizer,Glass,5 g,JS,Alfa Aesar,4/2/2014
Cobalt(II) iodide,15238-00-3,Toxic,Plastic,25 g,KG,Sigma-Aldrich,7/6/2015
Cobalt(II) iodide,15238-00-3,Generally Safe,Plastic,100 mL,EG,Sigma-Aldrich,2/18/2018
Cobalt(II) molybdate,13762-14-6,Generally Safe,Glass,250 mL,CA,Alfa Aesar,5/25/2019
Cobalt(II) molybdate,13762-14-6,Irritant,Glass,100 g,KG,Alfa Aesar,10/10/2016
Cobalt(II) nitrate,10141-05-6,Oxidizer,Plastic,1 L,JS,Sigma-Aldrich,9/30/2020
Cobalt(II) nitrate,10141-05-6,Oxidizer,Plastic,100 mL,SD,Sigma-Aldrich,1/14/2017
Cobalt(II) orthosilicate,12017-08-2,Generally Safe,Glass,100 g,KG,Alfa Aesar,1/20/2015
Cobalt(II) orthosilicate,12017-08-2,Generally Safe,Plastic,100 mL,EG,Alfa Aesar,10/28/2015
Cobalt(II) oxalate,814-89-1,Toxic,Plastic,1 L,DB,Sigma-Aldrich,5/23/2017
Cobalt(II) oxalate,814-89-1,Harmful,Glass,50 g,LH,Fisher Chemical,11/25/2020
Cobalt(II) oxide,1307-96-6,Toxic,Plastic,25 g,SC,Sigma-Aldrich,4/20/2022
Cobalt(II) oxide,1307-96-6,Toxic,Plastic,1 L,AM,Sigma-Aldrich,8/29/2019
Cobalt(II) perchlorate,13455-31-7,Oxidizer,Plastic,50 g,JS,Alfa Aesar,3/20/2021
Cobalt(II) perchlorate,13455-31-7,Oxidizer,Glass,5 g,EG,Alfa Aesar,8/17/2018
Cobalt(II) selenide,1307-99-9,Generally Safe,Plastic,25 g,DL,Sigma-Aldrich,7/25/2018
Cobalt(II) selenide,1307-99-9,Generally Safe,Glass,100 g,SH,Sigma-Aldrich,11/5/2018
Cobalt(II) stannate,12139-93-4,Generally Safe,Plastic,100 mL,LH,Sigma-Aldrich,6/15/2016
Cobalt(II) stannate,12139-93-4,Generally Safe,Glass,250 mL,JS,Sigma-Aldrich,1/12/2016
Cobalt(II) sulfate,10124-43-3,Toxic,Glass,5 g,JW,Alfa Aesar,5/28/2023
Cobalt(II) sulfate,10124-43-3,Toxic,Plastic,25 g,PJ,Alfa Aesar,4/10/2023
Cobalt(II) sulfide,1317-42-6,Toxic,Glass,100 g,JW,Alfa Aesar,6/12/2022
Cobalt(II) sulfide,1317-42-6,Generally Safe,Glass,250 mL,SD,Alfa Aesar,6/5/2015
Cobalt(II) telluride,12017-13-9,Generally Safe,Glass,100 g,NB,Alfa Aesar,11/20/2019
Cobalt(II) telluride,12017-13-9,Generally Safe,Plastic,100 mL,DZ,Alfa Aesar,2/14/2019
Cobalt(II) titanate,12017-01-5,Generally Safe,Plastic,100 mL,BM,Sigma-Aldrich,4/15/2020
Cobalt(II) titanate,12017-01-5,Generally Safe,Glass,250 mL,NB,Sigma-Aldrich,5/19/2020
Cobalt(II) titanite,12017-38-8,Generally Safe,Glass,250 mL,CW,Alfa Aesar,10/10/2017
Cobalt(II) titanite,12017-38-8,Generally Safe,Plastic,1 L,LL,Alfa Aesar,5/23/2017
Cobalt(II) tungstate,12640-47-0,Generally Safe,Glass,250 mL,RW,Alfa Aesar,8/10/2021
Cobalt(II) tungstate,12640-47-0,Generally Safe,Plastic,1 L,EG,Alfa Aesar,8/30/2021
Cobalt(III) acetate,917-69-1,Harmful,Plastic,50 g,KG,Sigma-Aldrich,7/28/2019
Cobalt(III) acetate,917-69-1,Irritant,Glass,250 mL,PJ,Alfa Aesar,1/12/2016
Cobalt(III) fluoride,10026-18-3,Toxic,Plastic,1 L,SD,Sigma-Aldrich,12/27/2023
Cobalt(III) fluoride,10026-18-3,Corrosive,Plastic,25 g,KR,Sigma-Aldrich,7/22/2016
Cobalt(III) hydroxide,1307-86-4,Toxic,Plastic,100 mL,NB,Sigma-Aldrich,1/12/2014
Cobalt(III) hydroxide,1307-86-4,Irritant,Plastic,25 g,MJ,Sigma-Aldrich,3/8/2021
Cobalt(III) nitrate,15520-84-0,Oxidizer,Glass,5 g,SC,Alfa Aesar,12/14/2021
Cobalt(III) nitrate,15520-84-0,Oxidizer,Glass,250 mL,SD,Alfa Aesar,5/25/2018
Cobalt(III) sulfide,1332-71-4,Generally Safe,Plastic,25 g,DL,Sigma-Aldrich,9/25/2014
Cobalt(III) sulfide,1332-71-4,Generally Safe,Glass,100 g,LL,Sigma-Aldrich,7/15/2014
Coenzyme A,31416-98-5,Generally Safe,Plastic,100 g,TC,Alfa Aesar,1/5/2016
Copper(I) bromide,7787-70-4,Toxic,Plastic,25 g,SC,Alfa Aesar,9/24/2015
Copper(I) bromide,7787-70-4,Toxic,Glass,100 g,CW,Alfa Aesar,9/10/2017
Copper(I) chloride,7758-89-6,Toxic,Glass,100 g,PJ,Sigma-Aldrich,12/18/2016
Copper(I) chloride,7758-89-6,Toxic,Plastic,100 mL,KR,Sigma-Aldrich,12/5/2018
Copper(I) iodide,7681-65-4,Generally Safe,Glass,250 mL,CA,Sigma-Aldrich,7/6/2018
Copper(I) iodide,7681-65-4,Generally Safe,Plastic,1 L,KG,Sigma-Aldrich,7/15/2020
Copper(II) chloride,7447-39-4,Toxic,Plastic,100 mL,KR,Alfa Aesar,3/13/2017
Copper(II) chloride,7447-39-4,Toxic,Glass,250 mL,DZ,Alfa Aesar,3/25/2019
Copper(II) nitrate hexahydrate,10294-41-4,Oxidizer,Plastic,1 L,NB,Alfa Aesar,10/29/2019
Copper(II) nitrate hexahydrate,10294-41-4,Oxidizer,Glass,5 g,AM,Alfa Aesar,10/30/2021
Copper(II) oxide,1317-38-0,Generally Safe,Glass,5 g,MJ,Sigma-Aldrich,1/23/2020
Copper(II) oxide,1317-38-0,Generally Safe,Plastic,25 g,CW,Sigma-Aldrich,1/18/2022
Copper(II) sulfate,7758-98-7,Toxic,Glass,100 g,JM,Sigma-Aldrich,8/9/2022
Copper(II) sulfate,7758-98-7,Toxic,Plastic,100 mL,KR,Sigma-Aldrich,8/14/2014
Copper(II) sulfide,1317-40-4,Generally Safe,Plastic,25 g,JM,Alfa Aesar,5/16/2021
Copper(II) sulfide,1317-40-4,Generally Safe,Glass,100 g,DZ,Alfa Aesar,5/22/2023
Cubane,277-10-1,Flammable,Plastic,1 L,SD,Sigma-Aldrich,2/14/2017
Cyanuric triazide,5637-83-2,Explosive,Plastic,100 g,MJ,Sigma-Aldrich,3/23/2018
Cyclobutane,287-23-0,Flammable,Glass,100 mL,MJ,Alfa Aesar,11/27/2019
Cyclohexane,110-82-7,Flammable,Glass,5 g,DL,Alfa Aesar,6/25/2015
Cyclopentane,287-92-3,Flammable,Plastic,100 g,PJ,Sigma-Aldrich,3/11/2020
Cyclopropane,75-19-4,Flammable,Plastic,100 g,TC,Sigma-Aldrich,1/19/2022
Cysteine,52-90-4,Generally Safe,Plastic,250 mL,DZ,Sigma-Aldrich,10/10/2019
Decane,124-18-5,Flammable,Glass,100 mL,SC,Alfa Aesar,11/13/2020
Deoxyribose,533-67-5,Generally Safe,Plastic,250 mL,NB,Sigma-Aldrich,5/7/2018
Dichlorodifluoromethane,75-71-8,Generally Safe,Plastic,100 g,DL,Sigma-Aldrich,3/23/2018
Dichloromethane,75-09-2,Carcinogenic,Glass,25 g,DZ,Alfa Aesar,8/30/2020
Diethyl ether,60-29-7,Flammable,Plastic,250 mL,BM,Sigma-Aldrich,10/22/2021
Dieuropium dioxide,62462-48-0,Generally Safe,Glass,5 g,KG,Alfa Aesar,2/15/2015
Dieuropium disulfide,62462-51-5,Generally Safe,Glass,100 g,BM,Alfa Aesar,9/10/2017
Dieuropium monosulfide,62462-49-1,Generally Safe,Plastic,25 g,NB,Sigma-Aldrich,6/20/2016
Dieuropium monoxide,62462-47-9,Generally Safe,Glass,250 mL,KG,Alfa Aesar,10/23/2023
Difluoroamino radical,673-72-8,Generally Safe,Plastic,1 L,KG,Sigma-Aldrich,2/19/2016
Difluorodisulfane,13709-35-8,Generally Safe,Glass,5 g,RW,Alfa Aesar,2/15/2015
Difluorogermanone,72190-38-6,Generally Safe,Plastic,100 mL,JM,Sigma-Aldrich,7/19/2022
Difluoroiodophosphine,13819-11-9,Generally Safe,Glass,100 g,JM,Alfa Aesar,9/10/2017
Difluorooxosilane,14041-22-6,Generally Safe,Glass,5 g,DZ,Alfa Aesar,1/9/2023
Difluorosilylene,13966-66-0,Generally Safe,Glass,5 g,PJ,Alfa Aesar,10/30/2021
Dilithium monofluoride,50644-69-4,Generally Safe,Plastic,100 mL,JW,Sigma-Aldrich,3/29/2020
Dimethyl sulfoxide,67-68-5,Generally Safe,Glass,25 g,LL,Alfa Aesar,9/12/2018
Dioxygen monofluoride,15499-23-7,Generally Safe,Glass,100 g,SC,Alfa Aesar,9/10/2017
Dipotassium difluoride,12285-62-0,Generally Safe,Plastic,100 mL,PJ,Sigma-Aldrich,12/5/2018
Disodium difluoride,12285-64-2,Generally Safe,Plastic,25 g,KR,Sigma-Aldrich,9/12/2018
Disodium monofluoride,87331-13-3,Generally Safe,Glass,100 g,DB,Alfa Aesar,3/14/2021
Dithallium difluoride,31970-97-5,Toxic,Plastic,1 L,RC,Sigma-Aldrich,2/19/2016
Dodecane,112-40-3,Flammable,Glass,5 g,DZ,Sigma-Aldrich,11/5/2020
Eicosane,112-95-8,Flammable,Glass,25 g,SH,Sigma-Aldrich,8/30/2020
Ephedrine,56370-30-0,Harmful,Glass,5 g,AM,Alfa Aesar,9/28/2016
Erbium difluoride,16087-65-3,Generally Safe,Plastic,1 L,SH,Sigma-Aldrich,2/19/2016
Erbium monofluoride,16087-67-5,Generally Safe,Glass,250 mL,RW,Alfa Aesar,11/27/2015
Erbium monoxide,12280-61-4,Generally Safe,Plastic,100 mL,LH,Sigma-Aldrich,3/29/2020
Erbium sodium tetraiodide,129863-13-4,Generally Safe,Glass,100 g,EG,Alfa Aesar,12/8/2019
Erbium trifluoride,13760-83-3,Generally Safe,Glass,5 g,MR,Alfa Aesar,6/23/2017
Erbium triiodide,13813-42-8,Generally Safe,Plastic,25 g,MR,Sigma-Aldrich,9/12/2018
Ethane,74-84-0,Flammable,Plastic,1 L,BM,Sigma-Aldrich,5/30/2016
Ethylene,74-85-1,Flammable,Glass,100 g,EG,Alfa Aesar,3/15/2018
Ethylene dichloride,107-06-2,Carcinogenic,Plastic,25 g,JW,Sigma-Aldrich,7/22/2019
Europium diiodide,22015-35-6,Generally Safe,Glass,5 g,KG,Alfa Aesar,1/9/2023
Europium diniobium hexaoxide,55216-32-5,Generally Safe,Glass,100 g,MR,Alfa Aesar,8/18/2015
Europium disulfide,55957-42-1,Generally Safe,Plastic,100 mL,NB,Sigma-Aldrich,7/19/2022
Europium metavanadate,39432-21-8,Generally Safe,Glass,5 g,AM,Alfa Aesar,9/3/2019
Europium monofluoride,17209-60-8,Generally Safe,Glass,250 mL,CA,Alfa Aesar,7/21/2021
Europium monosulfide,12020-65-4,Generally Safe,Glass,100 g,KG,Alfa Aesar,3/14/2021
Europium monoxide,12020-60-9,Generally Safe,Plastic,100 mL,LL,Sigma-Aldrich,11/22/2016
Europium niobium dioxide,107069-78-3,Generally Safe,Plastic,25 g,EG,Sigma-Aldrich,4/14/2014
Europium titanium trioxide,12020-61-0,Generally Safe,Plastic,1 L,MJ,Sigma-Aldrich,5/30/2018
Europium trifluoride,13765-25-8,Generally Safe,Plastic,1 L,JS,Sigma-Aldrich,10/15/2022
Europium tungsten tetraoxide,13537-12-7,Generally Safe,Plastic,25 g,LH,Sigma-Aldrich,12/28/2020
Ferrous fluoride,7789-28-8,Toxic,Plastic,1 L,KR,Sigma-Aldrich,5/30/2018
Fluorine,7782-41-4,Oxidizer,Glass,250 mL,KR,Alfa Aesar,2/26/2017
Fluorine nitrate,7789-26-6,Oxidizer,Plastic,1 L,GW,Sigma-Aldrich,5/30/2018
Fluorobenzene,462-06-6,Flammable,Glass,5 g,RW,Alfa Aesar,11/5/2020
Fluoroimidogen,13967-06-1,Generally Safe,Glass,100 g,SC,Alfa Aesar,8/18/2015
Fluorosulfate radical,21549-02-0,Generally Safe,Plastic,100 mL,NB,Sigma-Aldrich,12/5/2018
Formaldehyde,19710-56-6,Carcinogenic,Plastic,100 g,JW,Sigma-Aldrich,1/5/2016
Freon-11,75-69-4,Generally Safe,Plastic,250 mL,CA,Sigma-Aldrich,5/11/2015
Fructose,7660-25-5,Generally Safe,Plastic,250 mL,BM,Sigma-Aldrich,10/10/2019
Gadolinium difluoride,12259-19-7,Generally Safe,Plastic,25 g,PJ,Sigma-Aldrich,12/28/2020
Gadolinium monofluoride,12259-18-6,Generally Safe,Glass,5 g,KG,Alfa Aesar,10/30/2021
Gadolinium trifluoride,13765-26-9,Generally Safe,Plastic,25 g,KG,Sigma-Aldrich,4/14/2014
Gallium difluoride,51777-79-8,Generally Safe,Glass,5 g,JM,Alfa Aesar,9/3/2019
Gallium monofluoride,13966-78-4,Generally Safe,Glass,250 mL,KR,Alfa Aesar,3/25/2019
Gallium monofluoride monoxide,15586-66-0,Generally Safe,Plastic,1 L,SD,Sigma-Aldrich,7/15/2020
Gallium trifluoride,7783-51-9,Generally Safe,Glass,5 g,AM,Alfa Aesar,1/9/2023
Germanium difluoride,13940-63-1,Generally Safe,Glass,100 g,JM,Alfa Aesar,3/14/2021
Germanium monofluoride,14929-46-5,Generally Safe,Plastic,25 g,SD,Sigma-Aldrich,1/18/2022
Glutamic acid,56-86-0,Generally Safe,Glass,25 g,AM,Alfa Aesar,7/3/2017
Glutamine,56-85-9,Generally Safe,Glass,5 g,CW,Alfa Aesar,9/28/2016
Glycine,56-40-6,Generally Safe,Glass,100 mL,KG,Alfa Aesar,8/14/2021
Heptadecane,629-78-7,Flammable,Glass,25 g,JS,Sigma-Aldrich,7/8/2016
Heptane,142-82-5,Flammable,Glass,100 mL,DB,Alfa Aesar,11/27/2019
Hexadecane,544-76-3,Flammable,Plastic,1 L,SD,Alfa Aesar,12/2/2020
Hexane,110-54-3,Flammable,Glass,25 g,MJ,Alfa Aesar,7/8/2016
Histidine,71-00-1,Generally Safe,Glass,25 g,GW,Alfa Aesar,9/12/2018
Holmium difluoride,16087-64-2,Generally Safe,Plastic,25 g,TC,Sigma-Aldrich,6/20/2016
Holmium monofluoride,16087-66-4,Generally Safe,Glass,100 g,EG,Alfa Aesar,5/22/2023
Holmium trifluoride,13760-78-6,Generally Safe,Glass,100 g,SH,Alfa Aesar,8/18/2015
Indium monofluoride,13966-95-5,Generally Safe,Plastic,1 L,RC,Sigma-Aldrich,2/19/2016
Iodine monofluoride,13873-84-2,Toxic,Plastic,100 mL,AM,Sigma-Aldrich,8/14/2014
Iodomethane,74-88-4,Carcinogenic,Plastic,250 mL,SD,Sigma-Aldrich,10/22/2021
Iron fluoride,41428-55-1,Toxic,Plastic,100 mL,TC,Sigma-Aldrich,12/5/2018
Iron trifluoride,7783-50-8,Generally Safe,Plastic,1 L,DZ,Sigma-Aldrich,10/15/2022
Isoleucine,73-32-5,Generally Safe,Plastic,1 L,KG,Sigma-Aldrich,12/2/2020
Krypton difluoride,13773-81-4,Oxidizer,Glass,250 mL,PJ,Alfa Aesar,3/25/2019
Lanthanum difluoride,15948-68-2,Generally Safe,Plastic,1 L,MJ,Sigma-Aldrich,7/15/2020
Lanthanum monofluoride,13943-44-7,Generally Safe,Glass,5 g,JM,Alfa Aesar,6/23/2017
Lanthanum trifluoride,13709-38-1,Generally Safe,Plastic,100 mL,MJ,Sigma-Aldrich,11/22/2016
Lead difluoride,7783-46-2,Toxic,Glass,5 g,DZ,Alfa Aesar,9/3/2019
Lead monofluoride,14986-72-2,Generally Safe,Plastic,25 g,TC,Sigma-Aldrich,1/18/2022
Linoleic acid,60-33-3,Irritant,Plastic,100 g,KR,Alfa Aesar,3/23/2018
Lithium fluoride,7789-24-4,Toxic,Plastic,25 g,DZ,Sigma-Aldrich,9/12/2018
Lithium fluoride,12265-82-6,Generally Safe,Glass,5 g,AM,Alfa Aesar,10/30/2021
Lithium hypofluorite,34240-84-1,Generally Safe,Glass,100 g,EG,Alfa Aesar,12/8/2019
Lutetium trifluoride,13760-81-1,Generally Safe,Plastic,1 L,LH,Sigma-Aldrich,5/30/2018
Lysine,56-87-1,Generally Safe,Plastic,100 g,CA,Sigma-Aldrich,3/23/2018
Magnesium fluoride,7783-40-6,Generally Safe,Plastic,25 g,CW,Sigma-Aldrich,1/18/2022
Magnesium monofluoride,14953-28-7,Generally Safe,Glass,250 mL,RW,Alfa Aesar,7/21/2021
Maitotoxin,59392-53-9,Toxic,Glass,5 g,KR,Sigma-Aldrich,6/17/2018
Maltose,69-79-4,Generally Safe,Plastic,25 g,RC,Alfa Aesar,7/22/2019
Manganese difluoride,7782-64-1,Generally Safe,Glass,100 g,CA,Alfa Aesar,5/22/2023
Manganese fluoride trioxide,15586-97-7,Generally Safe,Glass,5 g,RW,Alfa Aesar,1/9/2023
Manganese trifluoride,7783-53-1,Generally Safe,Glass,5 g,NB,Alfa Aesar,9/3/2019
Mentha spicata herb oil,8008-79-5,Generally Safe,Plastic,100 g,AM,Sigma-Aldrich,3/11/2020
Mercury fluoride,7783-39-3,Toxic,Glass,250 mL,SC,Alfa Aesar,10/23/2023
Mercury(I) fluoride,13967-25-4,Toxic,Glass,5 g,EG,Alfa Aesar,2/15/2015
Methane,74-82-8,Flammable,Glass,100 mL,SD,Alfa Aesar,4/9/2015
Methionine,25343-91-3,Generally Safe,Plastic,1 L,EG,Sigma-Aldrich,2/25/2016
Molybdenum difluoride,20205-60-1,Generally Safe,Plastic,100 mL,MJ,Sigma-Aldrich,8/14/2014
Molybdenum difluoride dioxide,13824-57-2,Generally Safe,Glass,250 mL,JS,Alfa Aesar,11/27/2015
Molybdenum monofluoride,60388-18-3,Generally Safe,Plastic,25 g,JM,Sigma-Aldrich,4/14/2014
Molybdenum trifluoride,20193-58-2,Generally Safe,Plastic,25 g,SD,Sigma-Aldrich,12/28/2020
Molybdenum trifluoride oxide,22529-29-9,Generally Safe,Glass,100 g,DL,Alfa Aesar,3/14/2021
Molybdenum trifluoride sulfide,67374-76-9,Generally Safe,Plastic,100 mL,SH,Sigma-Aldrich,7/19/2022
Monoeuropium monovandium dioxide,88762-30-5,Generally Safe,Glass,250 mL,EG,Alfa Aesar,2/26/2017
Monofluorodiiodine,58751-33-0,Generally Safe,Glass,250 mL,RW,Alfa Aesar,11/27/2015
Monomanganese monofluoride,13569-25-0,Generally Safe,Plastic,1 L,LH,Sigma-Aldrich,10/15/2022
Monosulfur monofluoride,16068-96-5,Generally Safe,Glass,250 mL,JS,Alfa Aesar,11/27/2015
Naphthalene,91-20-3,Harmful,Glass,25 g,DZ,Alfa Aesar,7/3/2017
Neodymium difluoride,13940-76-6,Generally Safe,Glass,100 g,KR,Alfa Aesar,12/8/2019
Neodymium monofluoride,13940-77-7,Generally Safe,Plastic,100 mL,MJ,Sigma-Aldrich,7/19/2022
N-Ethylmorpholine,1119-29-5,Corrosive,Glass,100 mL,LH,Alfa Aesar,4/18/2017
Nickel difluoride,10028-18-9,Toxic,Plastic,100 mL,JW,Sigma-Aldrich,3/29/2020
Nitrogen trifluoride,7783-54-2,Oxidizer,Glass,250 mL,GW,Alfa Aesar,10/23/2023
Nitrosodifluoroamine,14984-78-2,Generally Safe,Glass,5 g,BM,Alfa Aesar,6/23/2017
Nitrosyl fluoride,7789-25-5,Toxic,Plastic,100 mL,KR,Sigma-Aldrich,11/22/2016
Nitryl fluoride,10022-50-1,Toxic,Glass,250 mL,JW,Alfa Aesar,2/26/2017
Nonadecane,629-92-5,Flammable,Glass,100 mL,JW,Sigma-Aldrich,11/27/2019
Nonane,111-84-2,Flammable,Plastic,1 L,AM,Sigma-Aldrich,12/19/2019
Octadecane,593-45-3,Flammable,Plastic,250 mL,SC,Alfa Aesar,5/11/2015
Octane,111-65-9,Flammable,Plastic,100 g,EG,Sigma-Aldrich,1/5/2016
Orthobenzoquinone,583-63-1,Oxidizer,Glass,100 g,MR,Alfa Aesar,3/15/2018
Oxygen difluoride,7783-41-7,Oxidizer,Glass,250 mL,MJ,Alfa Aesar,7/21/2021
Oxygen monofluoride,12061-70-0,Generally Safe,Glass,250 mL,KG,Alfa Aesar,10/23/2023
Pentadecane,629-62-9,Flammable,Glass,100 mL,SC,Sigma-Aldrich,4/18/2017
Pentane,109-66-0,Flammable,Glass,25 g,TC,Alfa Aesar,8/14/2021
Perfluoroperoxide,7783-44-0,Oxidizer,Glass,100 g,SH,Alfa Aesar,8/18/2015
Phenylalanine,63-91-2,Generally Safe,Plastic,250 mL,GW,Sigma-Aldrich,10/22/2021
Phosgene,75-44-5,Toxic,Glass,25 g,SC,Alfa Aesar,7/3/2017
Phosphenodithioic fluoride,137649-46-8,Generally Safe,Glass,5 g,RC,Alfa Aesar,10/30/2021
Phosphenothious fluoride,55753-39-4,Generally Safe,Plastic,1 L,KR,Sigma-Aldrich,7/15/2020
Phosphorus difluoride,13873-52-4,Generally Safe,Plastic,1 L,CA,Sigma-Aldrich,5/30/2018
Phosphorus monofluoride,16027-92-2,Generally Safe,Glass,250 mL,EG,Alfa Aesar,3/25/2019
Plaster of Paris (Calcium sulfate hemihydrate),10034-76-1,Generally Safe,Glass,5 g,DL,Alfa Aesar,12/3/2020
Plaster of Paris (Hemihydrate),10034-76-1,Generally Safe,Glass,500 g,AM,Sigma-Aldrich,5/28/2023
Platinum difluoride,18820-56-9,Generally Safe,Plastic,25 g,AM,Sigma-Aldrich,12/28/2020
Plutonium monofluoride,20882-16-0,Generally Safe,Glass,100 g,RW,Alfa Aesar,5/22/2023
Proline,147-85-3,Generally Safe,Plastic,1 L,SC,Sigma-Aldrich,12/19/2019
Propane,74-98-6,Flammable,Plastic,1 L,RW,Sigma-Aldrich,12/2/2020
Propanol,71-23-8,Flammable,Glass,25 g,DB,Alfa Aesar,7/8/2016
Pyridine,110-86-1,Flammable,Glass,100 mL,CW,Alfa Aesar,4/9/2015
Quicklime (Calcium oxide),1305-78-8,Corrosive,Plastic,1 kg,GW,Fisher Chemical,7/25/2018
Quicklime (Calcium oxide),1305-78-8,Corrosive,Plastic,25 g,CW,Sigma-Aldrich,7/6/2015
Quinine,130-95-0,Harmful,Plastic,1 L,TC,Alfa Aesar,2/14/2017
Rubidium fluoride,13446-74-7,Generally Safe,Plastic,100 mL,BM,Sigma-Aldrich,8/14/2014
Samarium monofluoride,17209-59-5,Generally Safe,Glass,5 g,BM,Alfa Aesar,6/23/2017
Scandium difluoride,14017-34-6,Generally Safe,Glass,250 mL,BM,Alfa Aesar,3/25/2019
Scandium monofluoride,14017-33-5,Generally Safe,Plastic,1 L,DB,Sigma-Aldrich,2/19/2016
Selenium difluoride,70421-43-1,Generally Safe,Plastic,1 L,EG,Sigma-Aldrich,7/15/2020
Serine,56-45-1,Generally Safe,Glass,100 mL,BM,Alfa Aesar,4/18/2017
Sodium fluoride,7681-49-4,Toxic,Plastic,25 g,SD,Sigma-Aldrich,12/28/2020
Stearic acid,57-11-4,Generally Safe,Glass,5 g,KR,Sigma-Aldrich,9/15/2021
Strontium fluoride,7783-48-4,Generally Safe,Glass,100 g,AM,Alfa Aesar,5/22/2023
Strontium monofluoride,13569-27-2,Generally Safe,Glass,100 g,JW,Alfa Aesar,12/8/2019
Sulfur difluoride,13814-25-0,Generally Safe,Plastic,100 mL,EG,Sigma-Aldrich,7/19/2022
Sulfuryl fluoride,2699-79-8,Toxic,Plastic,100 mL,DL,Sigma-Aldrich,11/22/2016
Tetradecane,629-59-4,Flammable,Plastic,250 mL,SH,Alfa Aesar,10/10/2019
Tetrafluoroethylene,116-14-3,Flammable,Plastic,250 mL,GW,Sigma-Aldrich,5/7/2018
Tetrahydrofuran,109-99-9,Flammable,Glass,25 g,KR,Alfa Aesar,8/30/2020
Thallium monofluoride,7789-27-7,Generally Safe,Plastic,1 L,SH,Sigma-Aldrich,10/15/2022
Thiazyl fluoride,18820-63-8,Generally Safe,Glass,5 g,GW,Alfa Aesar,9/3/2019
Thionyl fluoride,7783-42-8,Toxic,Plastic,1 L,CA,Sigma-Aldrich,10/15/2022
Thiothionyl fluoride,16860-99-4,Generally Safe,Plastic,25 g,LL,Sigma-Aldrich,6/20/2016
Thiothionyl fluoride,101947-30-2,Generally Safe,Glass,100 g,RC,Alfa Aesar,9/10/2017
Thorium difluoride,28844-11-3,Generally Safe,Plastic,100 mL,KG,Sigma-Aldrich,8/14/2014
Thorium monofluoride,51686-34-1,Generally Safe,Plastic,100 mL,BM,Sigma-Aldrich,3/29/2020
Thorium monofluoride monoxide,19797-90-1,Generally Safe,Glass,5 g,NB,Alfa Aesar,2/15/2015
Threonine,72-19-5,Generally Safe,Plastic,100 g,AM,Sigma-Aldrich,1/5/2016
Tin difluoride,7783-47-3,Generally Safe,Plastic,25 g,SC,Sigma-Aldrich,1/18/2022
Tin monofluoride,13966-74-0,Generally Safe,Plastic,25 g,CA,Sigma-Aldrich,9/12/2018
Titanium difluoride,13814-20-5,Generally Safe,Glass,250 mL,TC,Alfa Aesar,11/27/2015
Titanium fluoride,18025-22-4,Generally Safe,Glass,250 mL,DZ,Alfa Aesar,7/21/2021
Titanium fluoride oxide,17497-75-5,Generally Safe,Plastic,25 g,LH,Sigma-Aldrich,6/20/2016
Titanium fluoride oxide,13537-16-1,Generally Safe,Plastic,25 g,MJ,Sigma-Aldrich,4/14/2014
Toluene,108-88-3,Flammable,Plastic,250 mL,SH,Sigma-Aldrich,5/11/2015
Tridecane,629-50-5,Flammable,Plastic,1 L,CW,Alfa Aesar,5/30/2016
Trilithium trifluoride,110682-19-4,Generally Safe,Glass,250 mL,EG,Alfa Aesar,2/26/2017
Tryptophan,73-22-3,Generally Safe,Plastic,1 L,PJ,Sigma-Aldrich,2/25/2016
Tungsten difluoride,33963-15-4,Generally Safe,Glass,5 g,DZ,Alfa Aesar,6/23/2017
Tungsten difluoride dioxide,14118-73-1,Generally Safe,Glass,250 mL,KR,Alfa Aesar,2/26/2017
Tungsten difluoride disulfide,41831-81-6,Generally Safe,Plastic,100 mL,KG,Sigma-Aldrich,12/5/2018
Tungsten difluoride monosulfide,41831-78-1,Generally Safe,Glass,250 mL,SC,Alfa Aesar,10/23/2023
Tungsten monofluoride,51621-16-0,Generally Safe,Glass,5 g,SH,Alfa Aesar,1/9/2023
Tyrosine,31330-59-3,Generally Safe,Glass,100 mL,AM,Alfa Aesar,4/9/2015
Undecane,1120-21-4,Flammable,Glass,25 g,DZ,Alfa Aesar,8/14/2021
Valine,660-88-8,Generally Safe,Glass,100 mL,RW,Alfa Aesar,11/13/2020
Vinyl chloride,75-01-4,Carcinogenic,Plastic,1 L,CW,Sigma-Aldrich,2/25/2016
Xenon difluoride,13709-36-9,Oxidizer,Plastic,25 g,EG,Sigma-Aldrich,9/12/2018
Xenon monofluoride,16757-14-5,Generally Safe,Plastic,25 g,NB,Sigma-Aldrich,4/14/2014
Yttrium difluoride,13981-89-0,Generally Safe,Glass,100 g,DL,Alfa Aesar,12/8/2019
Yttrium monofluoride,13981-88-9,Generally Safe,Glass,100 g,SD,Alfa Aesar,8/18/2015
Zinc difluoride,7783-49-5,Generally Safe,Plastic,100 mL,RW,Sigma-Aldrich,3/29/2020
Zirconium fluoride,13569-28-3,Generally Safe,Plastic,100 mL,TC,Sigma-Aldrich,11/22/2016
Zirconium fluoride,13842-94-9,Generally Safe,Glass,250 mL,KR,Alfa Aesar,7/21/2021
β-Ionone,2484-16-4,Irritant,Glass,100 mL,DZ,Sigma-Aldrich,8/14/2021
